价格,标签,详情,付款,店铺
3288.00,Apple/苹果2021新款iPad Pro11英寸12.9平板电脑2020/2018 Air5/4,https://click.simba.taobao.com/cc_im?p=%C6%BD%B0%E5&s=812379259&k=761&e=Dzgr3VGOiXXIUuj0dXQXWiQz5DBzubWxqRrCIhOvqYJcxKa80kLvf%2B4Ni%2FAmTobSReqPBaZPSgW9oUFc0Tu5o8N60fObNxqjYwTxMIhrfGhavffaq%2FjIo3QmhJcD9WHVqo1JosX36omeqQNvnufXcJmLbJO13SYBU2XmMbG0seAyaXNeA5EWRPh%2FeMVvDLPBenfRNnWcl7fThWnS9%2Fca8BhMmnql1CqjBx8G90njoZZB0zE1MGY2bRcTXzAZekeD1BP5OycizXJ0m3EIkSHp%2BRTWmgh1LBpmHIaPwjx%2BASiPOuDY5FQKzpyEYIi1SaXD5RweHshtZO1HAfZIb%2BrgZn66ebB0lJkfjR0shZuc0SsNH7pYY0ql3U0j54jsXKIIALa6vkKFAoDXnxfBqeYFgdlFRGL8elStMNfoOUV%2FH68eYLTSXJDfr0ccSp2uk3yUPhvcICXpJY4hGDdnwOt77NufvWQOCh922HTKurfj7D2yfsJRsLtJL7o46ehdggbgO%2BMg%2B0aV8GdMG1x6c%2Btim43dnMwIPgIGOfPdxona%2Fvqf0f830U41A3eI%2BKRmfRRtEtNIhUrH71IPBc7LcSPfxoH1AtlhThq6CmEbCrrCZ5uLkA9tu2bWZQ%2B8hHTmaitb4y1JpB0eovUwv9asIwFsdKP3q8JBC%2FpE0hRCYGWSjHyjcVvGeYAzkL9S7wkbV6mzIW8xRuH8JKZmxtA7rp9HW1nIb6fnMiMD3bf8UXU%2Fv44yhuDGP2ykaw%3D%3D#detail,100+人付款,马美凯
2288.00,Apple/苹果 10.2 英寸 iPad (第九代) 2021新款iPad9代电脑,https://click.simba.taobao.com/cc_im?p=%C6%BD%B0%E5&s=812379259&k=761&e=GdWzYFGVbqnIUuj0dXQXWiQz5DBzubWxqRrCIhOvqYJcxKa80kLvf%2B4Ni%2FAmTobSReqPBaZPSgWksetg91ALJwVK4LaR54gfYwTxMIhrfGhavffaq%2FjIo3QmhJcD9WHVqo1JosX36omeqQNvnufXcJmLbJO13SYBU2XmMbG0seAyaXNeA5EWRPh%2FeMVvDLPBenfRNnWcl7fThWnS9%2Fca8BhMmnql1CqjBx8G90njoZZB0zE1MGY2baXCS1b6WR7NAnVK9GvRkt0cONyqskY3Wxt7FZGVnAAG1YdENgEtpELAeGPJbJm8SFFkG6NwafYsZocE%2F9QWGDpHAfZIb%2BrgZn66ebB0lJkfjR0shZuc0SsNH7pYY0ql3U0j54jsXKIIgZMclqrchXcX53xxatayh9lFRGL8elStMNfoOUV%2FH69BWXN1XmyNymsGZ%2B%2FKoO7dYnHxiw06qpjFSxdscoQuq0SiA7oZy%2B69W3Iy2fqezHua1SBTF%2FFadJvCRRv8sCLT2Wuq40Idth%2BCRQthfxOcPKvmMQOi24b6OMKlsjtqiaqLq8Vj092Df1CE5yLr0avip2t1DAl8ATftbq9HkDOVt6reCAO65PDhyKAIJEBxn4R3kQhAyRxeQ9lnIobHxDbVCertlw5YIMnwlVLlTx6l0QII7scJXean6rbLZPuDgp2m%2BdxgV6cMUtjn%2FlwRf3lAq3xhBCvsWFukBpy0F52gZ6UCRX8QPTDnms3%2BzXdCgaHbAvxsWcZP4g%3D%3D#detail,2000+人付款,tb25084109
2298.00,2021新款Apple/苹果 10.2 英寸 iPad (第九代)平板电脑iPad9代8代,https://click.simba.taobao.com/cc_im?p=%C6%BD%B0%E5&s=812379259&k=781&e=GdgTGgHm7S7IUuj0dXQXWiQz5DBzubWxqRrCIhOvqYJcxKa80kLvf%2B4Ni%2FAmTobSReqPBaZPSgUyQpFOeEFNrBnHTt7CahqxYwTxMIhrfGhavffaq%2FjIo3QmhJcD9WHVqo1JosX36omeqQNvnufXcJmLbJO13SYBU2XmMbG0seAyaXNeA5EWRPh%2FeMVvDLPBenfRNnWcl7fThWnS9%2Fca8BhMmnql1CqjBx8G90njoZZB0zE1MGY2bQmkUyiZSZ2kB%2F1%2B8gxHXHnH%2BsAxQjmuD0fogvjSatXfj7y2hpQvfiTALkKI4pyIOfNg%2BX9%2FG6YkSI4flh4d%2FhtHAfZIb%2BrgZn66ebB0lJkfjR0shZuc0SsNH7pYY0ql3U0j54jsXKIIv1vT%2B8urtVgS4k2lu3hlZtlFRGL8elStMNfoOUV%2FH68FfcelaunONChOFMwIXR1ArEp1i2ogSl5F8Ly3mmYgSuz5wLOWS%2BHnjPwaa7IKiRSa1SBTF%2FFadKwuqWtQdzqbOJuFKnwpaHadW3kcehWobpM34yr56XBHC1xT1Y%2BQuYaelrfpGIBcQO%2B8Zp4kAwV1sfL4qLa8TkN2dDSLswerV0VHM53C6Eof5V6w%2BzvZTsAjAWuAgx0BMMWHBpIIyJrye2JOChjRRSnb1E5yaTxzTd6rMzYLAqNbr%2BLxRB4OidzEDXgnxUrmCqSkQ8xuvJ4nPRhQkXQ%2FaBWnPKNeJ9kUNtNngcsmBie8XgYQkbYjq%2Bx8XCm53QXROD82o5CpdesgxJ%2FacDzxVbc%3D#detail,2000+人付款,中华淘购网店
2999.00,【24期免息 顺丰发货】Apple/苹果 iPad 10.2英寸苹果电脑2021款版学生习教育网课优惠官网方旗舰店ipad9,https://detail.tmall.com/item.htm?id=656328530140&ns=1&abbucket=13,100+人付款,润森数码旗舰店
2799.00,小米平板电脑5 Pro120HZ高清高刷屏幕护眼认证学生学习娱乐商务,https://detail.tmall.com/item.htm?id=653301468696&ns=1&abbucket=13,600+人付款,天猫超市
4379.00,【24期免息/官方正品】Apple/苹果 2022款iPad Air 5 wifi版10.9英寸电脑学生学习官方正品旗舰店air5,https://detail.tmall.com/item.htm?id=677369159176&ns=1&abbucket=13,300+人付款,壹品良机旗舰店
1999.00,MIUI/小米平板5 11英寸全面屏2.5k高清120HZ二合一电脑苏宁易购官方旗舰店[2063],https://detail.tmall.com/item.htm?id=674678609239&ns=1&abbucket=13,600+人付款,苏宁易购官方旗舰店
2199.00,华为MatePad 10.4英寸新款悦动版官方官网正品学习专用电脑,https://detail.tmall.com/item.htm?id=670241342392&ns=1&abbucket=13,2000+人付款,华为官方旗舰店
2599.00,【爆款平板】联想平板小新 Pad pro 11.5英寸安卓学生高清学习娱乐办公电脑padpro联想官方旗舰店,https://detail.tmall.com/item.htm?id=644912602413&ns=1&abbucket=13,1000+人付款,联想官方旗舰店
4999.00,【咨询减800】华为平板Matepad Pro 12.6英寸2021新款pad电脑二合一12寸ipad全网通5G官方旗舰正品matepadpro,https://detail.tmall.com/item.htm?id=645845152425&ns=1&abbucket=13,500+人付款,华为信沃专卖店
3299.00,【咨询减500】华为平板MatePad Pro平板电脑10.8英寸HUAWEI鸿蒙新款二合一全面大屏商务办公绘画学习手写笔2,https://detail.tmall.com/item.htm?id=646626686897&ns=1&abbucket=13,400+人付款,华为华亲专卖店
3999.00,【6期免息 顺丰速发】三星Galaxy Tab S7 FE Samsung 2021新款学生学习电脑 官方正品旗舰店,https://detail.tmall.com/item.htm?id=656145539669&ns=1&abbucket=13,200+人付款,三星官方旗舰店
4499.00,【咨询优惠300】华为平板MatePad Pro平板电脑12.6英寸新款全面大屏全网通鸿蒙商务办公学习绘画HUAWEI手写笔,https://detail.tmall.com/item.htm?id=646977579490&ns=1&abbucket=13,100+人付款,华为华亲专卖店
4499.00,【24期免息】2022年新款Apple/苹果 iPad Air 10.9英寸电脑,https://detail.tmall.com/item.htm?id=674259351503&ns=1&abbucket=13,100+人付款,苏宁易购官方旗舰店
6549.00,【24期免息 顺丰发货】Apple/苹果 iPad Pro 11英寸苹果电脑2021版款学生习考研绘画设计专用官方旗舰店,https://detail.tmall.com/item.htm?id=643135408082&ns=1&abbucket=13,100+人付款,润森数码旗舰店
2499.00,【热销爆品】Xiaomi/小米平板5 Pro骁龙学生学习绘画商务办公游戏娱乐护眼快充2021款电脑小米官方旗舰店,https://detail.tmall.com/item.htm?id=651628972575&ns=1&abbucket=13,3000+人付款,小米官方旗舰店
1999.00,【新品上市】Huawei/华为 平板M6 8.4英寸平板电脑 8GB+128GB 鲜活画质立体音效哈曼卡顿调音 持久续航 PAD,https://detail.tmall.com/item.htm?id=669654275708&ns=1&abbucket=13,700+人付款,华为官方旗舰店
2199.00,荣耀平板电脑V7 Pro 新款办公学习考研平板电脑 搭载6nm 5G旗舰芯片 国产安卓全面屏 官方旗舰店官网正品,https://detail.tmall.com/item.htm?id=651979248288&ns=1&abbucket=13,1000+人付款,荣耀官方旗舰店
3699.00,24期免息送豪礼当天发货Apple苹果iPad mini6 8.3英寸电脑2021年新款第六代A15芯片触控官方授权游戏机型,https://detail.tmall.com/item.htm?id=656435602163&ns=1&abbucket=13,100+人付款,久汇数码专营店
2499.00,【24期免息】vivo Pad平板电脑骁龙870处理器 学生网课学习办公绘画护眼游戏vivopad智能电脑,https://detail.tmall.com/item.htm?id=672044329287&ns=1&abbucket=13,200+人付款,中国移动手机数码旗舰店
1999.00,【热销爆品】Xiaomi/小米平板5骁龙学生学习绘画商务办公游戏娱乐高清护眼认证专用电脑小米官方旗舰店,https://detail.tmall.com/item.htm?id=652052313725&ns=1&abbucket=13,6000+人付款,小米官方旗舰店
2599.00,【稀缺货源】联想拯救者Y700 游戏平板电脑8.8英寸骁龙870 8G+128G 高色域 娱乐学习电脑 学生,https://detail.tmall.com/item.htm?id=669497943943&ns=1&abbucket=13,500+人付款,联想官方旗舰店
6399.00,Apple/苹果11英寸iPad Pro112021款平板电脑M1芯片全面屏便携ipad,https://detail.tmall.com/item.htm?id=645754343179&ns=1&abbucket=13,400+人付款,天猫超市
2799.00,Huawei/华为MatePad 11平板电脑10.95英寸matepad鸿蒙办公学习,https://detail.tmall.com/item.htm?id=649655324403&ns=1&abbucket=13,800+人付款,天猫超市
4449.00,24期免息2022款Apple/苹果iPad Air第5代10.9英寸平板电脑M1芯片学生学习教育网课游戏办公绘设计官方优惠pro,https://detail.tmall.com/item.htm?id=671375923178&ns=1&abbucket=13,99人付款,久汇数码专营店
2504.00,【咨询减150】华为平板matepad11平板电脑2021官方旗舰新款iPad鸿蒙商务二合一办公游戏学习air电脑,https://detail.tmall.com/item.htm?id=649824217020&ns=1&abbucket=13,3000+人付款,华为信沃专卖店
2799.00,Apple/苹果iPad 9代2021新款10.2英寸平板电脑支持pencil手写笔,https://detail.tmall.com/item.htm?id=654998936319&ns=1&abbucket=13,1000+人付款,天猫超市
6699.00,【12期免息 顺丰速发】三星GalaxyTab S8系列平板电脑Samsung大屏智能追剧游戏学习网课办公,https://detail.tmall.com/item.htm?id=667665852631&ns=1&abbucket=13,700+人付款,三星官方旗舰店
4699.00,Apple苹果iPad Air5 10.9英寸2022年新款苹果平板电脑,https://detail.tmall.com/item.htm?id=669948116549&ns=1&abbucket=13,500+人付款,天猫超市
2299.00,【热销平板】OPPO Pad平板电脑骁龙870处理器新款网课学习办公绘画游戏商务专用官方正品,https://detail.tmall.com/item.htm?id=667655568085&ns=1&abbucket=13,1000+人付款,oppo官方旗舰店
2129.00,立减300元】Xiaomi/小米平板5 Pro新品学习办公娱乐120Hz屏幕神器ipad11英寸游戏护眼吃鸡pad考研5g电脑,https://detail.tmall.com/item.htm?id=652532841812&ns=1&abbucket=13,300+人付款,佰分购旗舰店
2099.00,24期花呗免息付款0首付Xiaomi/小米平板5新品官方旗舰店正品骁龙860学习办公娱乐ipad高清120Hz电脑5pro,https://detail.tmall.com/item.htm?id=651761464841&ns=1&abbucket=13,200+人付款,机御旗舰店
2499.00,2022新款vivo pad平板电脑新款超薄笔记本电脑手机二合一学习专用游戏办公全网通大学生官方旗舰正品推荐,https://detail.tmall.com/item.htm?id=671506363274&ns=1&abbucket=13,1000+人付款,vivo手机官方旗舰店
2798.00,【新品首发】Lenovo/联想拯救者Y700 游戏平板电脑120Hz高刷新率骁龙870娱乐影音2.5K屏官方旗舰正品小新PAD,https://detail.tmall.com/item.htm?id=669233469319&ns=1&abbucket=13,100+人付款,联想艾克兰斯专卖店
998.00,【网课平板】Lenovo/联想小新Pad Pro 11.5英寸 影音娱乐办公学习电脑莱茵护眼 2.5k屏 小新 ipad 2021款,https://detail.tmall.com/item.htm?id=629648816339&ns=1&abbucket=13,1000+人付款,联想艾克兰斯专卖店
1299.00,【新品上市】OPPO Pad Air平板电脑学生网课学习专用教育护眼娱乐官方正品,https://detail.tmall.com/item.htm?id=673203832945&ns=1&abbucket=13,1000+人付款,oppo官方旗舰店
898.00,【官方正品】2022新款平板电脑国行全面高清屏ipad Pro轻薄5G全网通可插卡办公游戏二合一学生专用网课学习机,https://detail.tmall.com/item.htm?id=676804957011&ns=1&abbucket=13,1000+人付款,崇凯旗舰店
1799.00,荣耀平板电脑V7 新款办公学习考研平板电脑 具备平板横屏生态 国产安卓高刷护眼全面屏 官方旗舰店官网正品,https://detail.tmall.com/item.htm?id=655350616748&ns=1&abbucket=13,600+人付款,荣耀官方旗舰店
2799.00,Apple/苹果iPad 9代2021新款10.2英寸平板电脑支持pencil手写笔学生网课学习官方正品国行全新,https://detail.tmall.com/item.htm?id=665887971579&ns=1&abbucket=13,500+人付款,中国移动手机数码旗舰店
2499.01,【3期免息 晒单返30元】vivo Pad 智能平板电脑骁龙870处理器120HZ高刷屏智能办公学习绘画游戏护眼官方正品,https://detail.tmall.com/item.htm?id=671389830683&ns=1&abbucket=13,200+人付款,iqoo手机官方旗舰店
578.00,官方正品5G平板电脑三星4K全面屏2022新款Pad Pro全网通可插卡轻薄游戏网课绘画画办公二合一学生专用学习机,https://detail.tmall.com/item.htm?id=677402234440&ns=1&abbucket=13,800+人付款,环岗数码专营店
2209.00,Apple/苹果 iPad mini6 迷你平板电脑mini5 ipad9 Air3/4全新正品,https://item.taobao.com/item.htm?id=657675968141&ns=1&abbucket=13#detail,200+人付款,丹丹的小包店
2269.00,vivo pad平板电脑2022骁龙平板网课学习办公绘画护眼官方正品现货,https://item.taobao.com/item.htm?id=672113080366&ns=1&abbucket=13#detail,400+人付款,风一花雪月
2228.00,2022年产新款Apple/苹果 10.2 英寸iPad2021平板电脑iPad9代8正品,https://item.taobao.com/item.htm?id=629181093313&ns=1&abbucket=13#detail,1000+人付款,roamerhouse
2228.00,Huawei/华为 华为MatePad11平板电脑鸿蒙系统2021款学生学习专用,https://item.taobao.com/item.htm?id=650262126219&ns=1&abbucket=13#detail,500+人付款,苏苏通讯
1298.00,英特尔国行原装【windows11系统】2022新款电脑笔记本电脑二合一办公学生win10适用微软华为小米oppo鼠标,https://detail.tmall.com/item.htm?id=660941728465&ns=1&abbucket=13,200+人付款,拇指数码专营店
2228.00,2021新款 Apple/苹果 10.2 英寸iPad平板电脑iPad9代 2020款8正品,https://item.taobao.com/item.htm?id=655375073906&ns=1&abbucket=13#detail,400+人付款,roamerhouse
5268.00,2021新款Apple/苹果 iPad Pro 11 英寸 平板电脑 12.9英寸iPadPro,https://item.taobao.com/item.htm?id=642731201286&ns=1&abbucket=13#detail,1000+人付款,领域数码通讯
3288.00,Apple/苹果2021新款iPad Pro11英寸12.9平板电脑2020/2018 Air5/4,https://click.simba.taobao.com/cc_im?p=%C6%BD%B0%E5&s=317088091&k=749&e=nkRjoHPQ4mjXvrbF3Wa7euy8on3hIf8tUMokNfutNKrDy6z0FrJKaWnL0sta2WzvGBZXsV3OzxWN9YG%2B0Y3j5Kht5cpdl6dwEL0ijwMRrfm6dtUGDQanZZIlzRAHqsG%2Bn8xmjaXgEbYO%2F1pbt7T2u6luhZkUkPd8iI%2FQknY3J7RK1hqqEc29jxU%2FX64fENPlTs2Q8Ft%2F78eXI5unDDbL4valCCA5K7e0bJfIAWjcYAXMS4Spb%2FRg1BIYGmuzCcimJtekaKvWlTDWBFgovEuxPuoZBBZ7idIJPmyxqIdK6xhwM7%2FVdW49PPfyXRmo9k9WF3n6bXPAbUG45DuOAbTj5Nk0gGV94H8atbCMV5zsiRMK5OMb7TDzmwlskqZ4j8F8F%2BV4qS4FBm4CAnSjPD6jYOsTtRIAU5XGtkBYnd%2FY0yWV1ZjrEcyEUA1nZOPmtCh4dBQnnjx%2BMFflF6J0ZmH0FXpYCdXEZpag%2FmjIW0emrpj%2F7bFQPKbMCy7gRuLEL9f2EwsVifiuBeBPCIjIQ1ZCEXpcuxnRr1TtzSb1tUzr1V58O%2B9%2FARJScaX3VTgbnKOXazKmI74bHwkoSRfNtsergTndijpzhSeUloeTf2cueLqVHdiw4aZNXz%2BJBo5m%2FVpMf1FBxin55rHJ71qELJxoxuad8gOEFbRPyKoLq%2FznO4l83oMTJpp6u%2B%2BlicUhfVdtqxD1D2y8h%2FgZx9rVpbsw%2BI7kS4EWPRQaYhN2U4lXuak%3D#detail,100+人付款,马美凯
2288.00,Apple/苹果 10.2 英寸 iPad (第九代) 2021新款iPad9代电脑,https://click.simba.taobao.com/cc_im?p=%C6%BD%B0%E5&s=317088091&k=749&e=VkcyCUYR38vXvrbF3Wa7euy8on3hIf8tUMokNfutNKrDy6z0FrJKaWnL0sta2WzvGBZXsV3OzxUN928OAHd1J63quvuHogQWEL0ijwMRrfm6dtUGDQanZZIlzRAHqsG%2Bn8xmjaXgEbYO%2F1pbt7T2u6luhZkUkPd8iI%2FQknY3J7RK1hqqEc29jxU%2FX64fENPlTs2Q8Ft%2F78eXI5unDDbL4valCCA5K7e0bJfIAWjcYAXMS4Spb%2FRg1CQGbgKHo3Y%2BzXcHTSlkP6PpzoBqEP%2BZFXbfWCRw6K6TF1SSej6vIZ0fuGkY1Zje88sz7VlF19Mh7O6JWRIVGpW45DuOAbTj5Nk0gGV94H8atbCMV5zsiRMK5OMb7TDzmwlskqZ4j8F8ry6a6EZKWIUTNKLwmyleKOsTtRIAU5XGtkBYnd%2FY0yXidjP4foY1Uz9%2Fe6xkKibm3Xj%2FTL5ACxaV3GhWOkVt1fdAy1dvuol6fYZQV5MEh8FQlC5atXYvchreSt673VnzmCKW%2BBZe7xvsyAd7CyhqbgFJKsbNC5hhwuzwBwAryS%2BP5G1z1X7N%2FYsPzid0iAX4XPFm%2FoSkxhB5toERwO0loqShGaaLpxv2PhO6JttorQE22G2VSVpFBEJR52TBd%2F1J%2BVbUCm8PlIDMrDo2RFSeniM392qaQagyHdEZOXXoMZlAc%2FFbreCb%2BIWXBnNfeVH3cd7N7SFlSB4uM05vEuBqXNDzbSX72BZpJ1ZRIuZq6vU%3D#detail,2000+人付款,tb25084109
1590.00,【2022新品速发官方正品】超清视网膜全面屏平板电脑二合一全网通5G上网课考研办公学生学习吃鸡游戏专用快充,https://click.simba.taobao.com/cc_im?p=%C6%BD%B0%E5&s=317088091&k=705&e=6nvOJCAklR7XvrbF3Wa7euy8on3hIf8tUMokNfutNKrDy6z0FrJKaWnL0sta2Wzv6RcvSuGZr2T9TrHya77yvmhGPUeXA4JSEL0ijwMRrfm6dtUGDQanZZIlzRAHqsG%2Bn8xmjaXgEbYO%2F1pbt7T2u6luhZkUkPd8iI%2FQknY3J7RK1hqqEc29jxU%2FX64fENPlTs2Q8Ft%2F78eXI5unDDbL4valCCA5K7e0bJfIAWjcYAXMS4Spb%2FRg1GXnnerdOnF09q5YdGIML9AO3uTvH6%2F00pdDhsd3bIfMrd65lYBgC%2B%2BJxhqsog3DXwOe8BpjXjAhd8VKfJ6BL5kPFjQqSr4Izzrk7AtmIu3mJ0jb1AH2UHTwLT4jxqoyFA7%2BfvTmQI6KnzwdSGMj73YOTT2ZRlI9jTsmFBp7l1KgmGGlSuxgv3hPCvpqWexKj0uDzLYvuSXklFukX14d0iiVInYwRspgWXS51TF%2F8FAGbYCLlPjCtmm6cnyrNVYaftLRZe8X7R82V2tDNUv8lGbhbd1jyiStTmVGeHDXXTy9C1CopAyE3tLPboHjzApHwEauu%2FKjDlpVAZe5RdcrRTIBnwqDhv4%2B6JqX9GDqCP5QTG%2FlwM9sUH69P1R5yGycztwF%2FY8G%2FI243yu8OhZD%2B6jvpYnFIX1XbasQ9Q9svIf4Gcfa1aW7MPiO5EuBFj0UGmITdlOJV7mp,10人付款,骏勇办公专营店
8788.00,【分期免息】Microsoft/微软Surface Pro 8 i5 8GB/16GB 256GB/512GB 13英寸电脑二合一win11笔记本商务,https://detail.tmall.com/item.htm?id=655478868135&ns=1&abbucket=13,200+人付款,微软中国官方旗舰店
4698.00,【顺丰速发】 2022新款三星平板电脑Samsung/GalaxyTAB S8/S8+/S8 Ultra 5G通话120hz高刷游戏学习办公二合一,https://detail.tmall.com/item.htm?id=668946285555&ns=1&abbucket=13,100+人付款,光头强数码专营店
3408.00,2022新款Apple/苹果 iPad Air5代 M1平板电脑 10.9英寸ipadair4代,https://item.taobao.com/item.htm?id=670617015610&ns=1&abbucket=13#detail,200+人付款,xiaoshengjin
1049.00,【送碎屏保】荣耀平板7 10.1英寸商务电脑T7办公V学习pro游戏iPad网课学生适用华为耳机,https://detail.tmall.com/item.htm?id=641192282436&ns=1&abbucket=13,600+人付款,荣耀深圳专卖店
2299.00,Apple/苹果 iPad Pro 2020平板电脑2018 iPad8 Pro2021 新款 Air4,https://item.taobao.com/item.htm?id=638727228559&ns=1&abbucket=13#detail,200+人付款,天河诚品
3938.00,Apple/苹果 iPad Air（第五代）平板电脑 iPad air 5平板2022新款,https://item.taobao.com/item.htm?id=670480219476&ns=1&abbucket=13#detail,200+人付款,领域数码通讯
5568.00,全新2021款Apple/苹果 11英寸iPad Pro 12.9全面屏M1电脑正品,https://item.taobao.com/item.htm?id=579185748018&ns=1&abbucket=13#detail,100+人付款,李小麦的店
2809.00,【咨询减150】华为Matepad11平板电脑2021官方旗舰新款全面屏鸿蒙ipad学生网课学习办公游戏画画二合一电脑,https://detail.tmall.com/item.htm?id=649980025266&ns=1&abbucket=13,200+人付款,华为国锦智承专卖店
3999.00,【24期免息顺丰发货】Apple/苹果 iPad mini（第六代）8.3英寸苹果电脑迷你学生教育游戏优惠官网方mini6,https://detail.tmall.com/item.htm?id=655298033790&ns=1&abbucket=13,200+人付款,润森数码旗舰店
5699.00,【 限时限量抢】2022款 Apple/苹果 iPad Air 10.9英寸电脑苏宁易购官方旗舰店,https://detail.tmall.com/item.htm?id=675950383233&ns=1&abbucket=13,300+人付款,苏宁易购官方旗舰店
4799.00,【24期免息 顺丰发货】Apple/苹果 iPad Air 10.9英寸2022新款苹果电脑学生习画画专用官网方旗舰店air5,https://detail.tmall.com/item.htm?id=628667200246&ns=1&abbucket=13,100+人付款,润森数码旗舰店
2028.00,【咨询更优惠】Huawei华为平板M6电脑8.4英寸8GB+128GB新款学习网课大学习用WIFI全网通话二合一商务办公mini,https://detail.tmall.com/item.htm?id=670256518704&ns=1&abbucket=13,200+人付款,华为华亲专卖店
6999.00,Apple/苹果 iPad Pro 11英寸平板电脑 2021年新款(WLAN版/M1芯片/Liquid视网膜屏),https://detail.tmall.com/item.htm?id=669862975860&ns=1&abbucket=13,700+人付款,苏宁易购官方旗舰店
2099.00,【爆款平板】联想平板电脑小新Pad/Pad Plus 11英寸高清全面屏安卓学习办公娱乐护眼学生网课,https://detail.tmall.com/item.htm?id=644166620521&ns=1&abbucket=13,1000+人付款,联想官方旗舰店
3599.00,【咨询减800】华为MatePadPro平板电脑10.8英寸2021款pad二合一商务办公学生ipad pro官方旗舰正品matepad11,https://detail.tmall.com/item.htm?id=646598210274&ns=1&abbucket=13,1000+人付款,华为信沃专卖店
4499.00,华为HUAWEI MatePad Pro 12.6英寸鸿蒙HarmonyOS系统OLED屏幕电脑学习8GB12GB内存,https://detail.tmall.com/item.htm?id=646010283203&ns=1&abbucket=13,600+人付款,华为官方旗舰店
1899.00,华为MatePad 10.4新款平板电脑官方官网正品热销榜学习专用2022款,https://detail.tmall.com/item.htm?id=669901321085&ns=1&abbucket=13,1000+人付款,华为官方旗舰店
1999.00,小米平板电脑5学习商务娱乐助手娱乐办公120HZ屏幕高清护眼认证,https://detail.tmall.com/item.htm?id=654109670827&ns=1&abbucket=13,2000+人付款,天猫超市
2499.00,【咨询减150】华为平板MatePad11新款平板电脑10.95英寸HUAWEI大学生学习机办公商务绘画网课Pro全面屏官方,https://detail.tmall.com/item.htm?id=649410740198&ns=1&abbucket=13,1000+人付款,华为华亲专卖店
4499.00,Huawei/华为MatePad Pro 12.6英寸平板2021新款鸿蒙HarmonyOS系统,https://detail.tmall.com/item.htm?id=652051318228&ns=1&abbucket=13,100+人付款,天猫超市
1699.00,【咨询减100】华为平板MatePad平板电脑10.4英寸2022新款鸿蒙11学习官方旗舰全面屏商务全网通手机ipad二合一,https://detail.tmall.com/item.htm?id=670268761956&ns=1&abbucket=13,500+人付款,华为信沃专卖店
1199.00,【爆款平板】联想平板电脑小新Pad 2022 10.6英寸可选网课学习娱乐办公 学生电脑联想官方安卓,https://detail.tmall.com/item.htm?id=629480018722&ns=1&abbucket=13,2000+人付款,联想官方旗舰店
1299.00,HONOR/荣耀平板7 网课学习追剧高清平板电脑 双重护眼认证 游戏绘画考研助手 国产安卓 官方旗舰店官网正品,https://detail.tmall.com/item.htm?id=640227859672&ns=1&abbucket=13,2000+人付款,荣耀官方旗舰店
3299.00,Huawei/华为MatePad Pro 10.8英寸平板2021款鸿蒙matepadpro学习,https://detail.tmall.com/item.htm?id=648627456971&ns=1&abbucket=13,200+人付款,天猫超市
2349.00,【热销爆品】Xiaomi/小米平板5 Pro新品学习办公娱乐120Hz屏幕神器小米官方旗舰店官网首发电脑,https://detail.tmall.com/item.htm?id=651629756352&ns=1&abbucket=13,100+人付款,小米官方旗舰店
1699.00,【3期免息 顺丰速发】三星新款Tab A8官方正品平板电脑Samsung Galaxy 10.5英寸办公娱乐影音学生学习,https://detail.tmall.com/item.htm?id=666850611181&ns=1&abbucket=13,400+人付款,三星官方旗舰店
998.00,【领劵立减】Lenovo/联想平板小新Pad Plus 11英寸 6GB+128GB WIFI 2k全面屏 学习办公娱乐影音网课电脑,https://detail.tmall.com/item.htm?id=645492936117&ns=1&abbucket=13,400+人付款,联想艾克兰斯专卖店
11588.00,【12期免息】Microsoft/微软 Surface Pro 8 i7 16GB 512GB 13英寸电脑二合一win11系统商务办公,https://detail.tmall.com/item.htm?id=656703235151&ns=1&abbucket=13,100+人付款,微软中国官方旗舰店
5498.00,2021新款Apple/苹果 iPad Pro 11 英寸平板电脑12.9寸5G国行美版,https://item.taobao.com/item.htm?id=614102762340&ns=1&abbucket=13#detail,700+人付款,华夏数码科技有限公司
2499.00,华为Matepad11 平板电脑2021新款10.95英寸游戏办公学生学习pad全面屏120Hz鸿蒙官方旗舰店华为ipad,https://detail.tmall.com/item.htm?id=650187326696&ns=1&abbucket=13,1000+人付款,华为宏威科锐专卖店
2499.00,【咨询减150】华为matepad11平板电脑2021新款学生学习网课画画pad游戏二合一11官方旗舰店官网pro正品ipad,https://detail.tmall.com/item.htm?id=650532795196&ns=1&abbucket=13,1000+人付款,蓝阳数码专营店
3103.00,2021新款 Apple/苹果 iPad mini6 平板电脑8.3英寸ipadmini6迷你6,https://item.taobao.com/item.htm?id=633715197220&ns=1&abbucket=13#detail,100+人付款,xiaoshengjin
3599.00,【国行正品 天猫直发】Apple/苹果 iPad 10.2英寸9代电脑第九代学生学网课2021新款教育游戏优惠官方pro,https://detail.tmall.com/item.htm?id=655376137075&ns=1&abbucket=13,1000+人付款,onezero美承数码旗舰店
2299.00,【分期免息咨询更优惠】oppo平板电脑新款pad原装正品学生家用网课学习游戏办公绘画商务用2022新品官方旗舰,https://detail.tmall.com/item.htm?id=668647389698&ns=1&abbucket=13,400+人付款,oppo普天精诚专卖店
2299.00,2021新款Apple/苹果 iPad Pro 11 英寸 12.9英寸平板电脑 2020款,https://item.taobao.com/item.htm?id=640401154340&ns=1&abbucket=13#detail,200+人付款,京东在线no1
3180.00,2021新款 Apple/苹果 iPad mini6代迷你六代8.3寸平板电脑ipad9代,https://item.taobao.com/item.htm?id=668156077019&ns=1&abbucket=13#detail,100+人付款,七分钟年华不老
4549.00,【2022新款M1芯片】Apple/苹果 10.9 英寸iPad Air5第五代苹果电脑新品学生网课绘画商务 iPad,https://detail.tmall.com/item.htm?id=670539287519&ns=1&abbucket=13,300+人付款,易机数码旗舰店
5458.00,2021新款Apple/苹果 12.9 英寸 iPad Pro11寸平板电脑M1芯片,https://item.taobao.com/item.htm?id=642017718998&ns=1&abbucket=13#detail,500+人付款,roamerhouse
2268.00,2021新款Apple/苹果iPad9 (第九代)10.2英寸ipad国行正品电脑,https://item.taobao.com/item.htm?id=602487833150&ns=1&abbucket=13#detail,300+人付款,夏永健xyj
5358.00,2021新款Apple/苹果 iPad Pro11寸M1芯片iPadpro12.9寸5G电脑,https://item.taobao.com/item.htm?id=642824389999&ns=1&abbucket=13#detail,400+人付款,xiaoshengjin
2799.00,【咨询更优惠】荣耀平板V7Pro 11英寸2021新款平板电脑5G全网通游戏护眼ipad教育学习学生绘画考研专用二合一,https://detail.tmall.com/item.htm?id=652705801959&ns=1&abbucket=13,800+人付款,荣耀五洲联鑫专卖店
3288.00,Apple/苹果2021新款iPad Pro11英寸12.9平板电脑2020/2018 Air5/4,https://click.simba.taobao.com/cc_im?p=%C6%BD%B0%E5&s=519752061&k=749&e=tTDCG9fn6wzOzHnurEX9Dqtz%2FdNA294NFVmJ8kXqm3gcq%2FdMaWDMHjQ%2FicqCRFcGRP8PEN3VCUL%2Fkw67onjViVSmeY9WCHgdrT2IScPWHIupU0vV6%2FHM8k5tWaW17baDx%2FuCFIysTFqp1LxwtDjbvpd%2FstAOaZh5Dy2eRjApHHjWTFXOoTYhlbpZmf6tiESaVVWTmdNhIcvwo%2FYSpT2eE9JDxyxnwhXAQD5ChPL%2Bw6kgjR8ZeNxuvp2sb5K%2Bu7O90QnJYDtrlGwZWhkbREMILJnWuGxxm%2F0aqXE8iduMafT6ZDcP%2BTQdci91sg4%2FFlKs4BG30q0grCMhzlm9yTpnXgXaOloHXVTvnrs7m1xmBbQanevb48u0UvmSe0%2FyAa5XqQApvkZhUeJOjThmuPhvG7%2BuK63dMrCiTn270YEX9q915UAbIMcvKVFTqGctaqpw3IDw9YVnC%2BDqqEk7iP1yileuj%2BOpYejLuqnxVRRUAJQ60uPyKAYfvIxOV8Qd72PH897sEtZHpqiTQCIAwyXBP6xRS5M9q5XTTRiRhKEc69ZCfUQDmOhyVDK2EVVvQfkNnyoUknOR%2F3zLkVmmvQauu5maN47PT5LC0WANfLAm0jqlRYQWmNe84bSDv6Xg24qXFVcWUELYmaEMcuZh7LwlXvT4xMe05aLy7pv7adAPYZV3Anj92zJ%2FcZk%2FurbtbCd3XfUU%2B%2FWbGGWDkbvLGzmpfnMgIZoRNK%2BByg1ynfYIsTw%3D#detail,100+人付款,马美凯
1590.00,【2022新品速发官方正品】超清视网膜全面屏平板电脑二合一全网通5G上网课考研办公学生学习吃鸡游戏专用快充,https://click.simba.taobao.com/cc_im?p=%C6%BD%B0%E5&s=519752061&k=705&e=uc0EKb9rWxPOzHnurEX9Dqtz%2FdNA294NFVmJ8kXqm3gcq%2FdMaWDMHjQ%2FicqCRFcGj%2B3FXTaYkgV1ubMPgIIPB3zyBZi9Ib6JrT2IScPWHIupU0vV6%2FHM8k5tWaW17baDx%2FuCFIysTFqp1LxwtDjbvpd%2FstAOaZh5Dy2eRjApHHjWTFXOoTYhlbpZmf6tiESaVVWTmdNhIcvwo%2FYSpT2eE9JDxyxnwhXAQD5ChPL%2Bw6kgjR8ZeNxuvql9LVMZgsy3d0LyrRv18vBKmJYTOaHbPBEIZ1sqS2ryAB92uTiV%2FW9y1WiLUR%2FR0U%2FG7E5YWI3d%2FHKnPGpRHXL6TmdblkKvteAihDFhzCyf%2BXSU7SQheWAa95sH4edkIFNwqGdRAcmiJscf7NqEb63hTGzXBjJDR62NIjvmY7sJ2Kx3ZFLxKkMD9trX3XSE1HBpwlodPRX2dGhlC4nc%2B2y%2Bkh97biRATtG0FGz46VSzLnvZbpyg1WdRXk4mPMPZP9Q9Sr4xYpQnlkz5S52Aq4cNtECcPR5lV84xs6eexSrRc4EqlWNoaXYh2GHhGHIcAeltQuCcJEgyNyVTIRkulMIpG82tWfCZoVHbiJO55VFcBi7FNTzLrT4sm8Sy2E32VAnilLr%2Fi%2Bz4G16UasFV%2FbSZP7q27Wwnd131FPv1mxhlg5G7yxs5qX5zICGaETSvgcoNcp32CLE8,10人付款,骏勇办公专营店
3380.00,Microsoft/微软 Surface Pro8 Pro7+ i5 i7平板电脑笔记本二合一,https://item.taobao.com/item.htm?id=579364465987&ns=1&abbucket=13#detail,100+人付款,新青苏向南
4668.00,2021新款M1芯片Apple/苹果 11 英寸 iPad Pro12.9ipadpro电脑,https://item.taobao.com/item.htm?id=643536439840&ns=1&abbucket=13#detail,700+人付款,夏永健xyj
2638.00,Huawei/华为 华为MatePad Paper墨水屏平板电脑鸿蒙系统学习办公,https://item.taobao.com/item.htm?id=670621076933&ns=1&abbucket=13#detail,200+人付款,苏苏通讯
2388.00,【咨询立减】荣耀平板V7pro 11英寸新款5G全网通绘画游戏儿童护眼学生专用网课神器学习机电脑ipad二合一,https://detail.tmall.com/item.htm?id=652427997292&ns=1&abbucket=13,200+人付款,荣耀港讯专卖店
2598.00,Apple/苹果 iPad mini (第六代) 2021新款iPadmini6迷你电脑,https://item.taobao.com/item.htm?id=654933452295&ns=1&abbucket=13#detail,200+人付款,领域数码通讯
2288.00,Apple/苹果 10.2 英寸 iPad (第九代) 2021新款iPad9代电脑,https://item.taobao.com/item.htm?id=667183374111&ns=1&abbucket=13#detail,2000+人付款,tb25084109
4129.00,【顺丰当天发】Apple/苹果 iPad Air 5 10.9英寸2022年新款苹果电脑苹果官方旗舰店官网教育学生网课优惠,https://detail.tmall.com/item.htm?id=675635302589&ns=1&abbucket=13,500+人付款,巨利泰数码专营店
1958.00,MIUI/小米 平板5 Pro/5 官方旗舰正品二合一电脑5g版ipad64爱派五,https://item.taobao.com/item.htm?id=666709848518&ns=1&abbucket=13#detail,500+人付款,笑傲书生
2268.00,2021新款Apple/苹果 10.2 英寸 iPad (第九代) 平板电脑 iPad9代,https://item.taobao.com/item.htm?id=567144656257&ns=1&abbucket=13#detail,1000+人付款,深圳_恒波
3078.00,2021新款Apple/苹果iPadmini(第六代)iPadmini6迷你电脑8.3寸,https://item.taobao.com/item.htm?id=567918421704&ns=1&abbucket=13#detail,200+人付款,深圳_恒波
3770.00,Apple/苹果 12.9寸 iPad Pro五代 2021新款11寸2020平板电脑 2018,https://item.taobao.com/item.htm?id=674007078175&ns=1&abbucket=13#detail,200+人付款,香雨香雪1314
2699.00,Apple/苹果 iPad Air4代2022新款10.9英寸air5/air4/Air3电脑,https://item.taobao.com/item.htm?id=656516269979&ns=1&abbucket=13#detail,100+人付款,刚贞爱贝
2077.00,Apple/苹果 Apple/苹果 10.2 英寸 iPad2021款9代20款8代电脑,https://item.taobao.com/item.htm?id=670450312934&ns=1&abbucket=13#detail,300+人付款,sun0921bo
4599.00,【2022款 M1芯片】 Apple/苹果10.9英寸 iPad Air 5 电脑绘画游戏考研办公学生学习专用女生2022版新款,https://detail.tmall.com/item.htm?id=669840485911&ns=1&abbucket=13,100+人付款,彪客数码旗舰店
8088.00,【分期免息】Microsoft/微软Surface Pro 8 i5 8GB 128GB/256GB 13英寸电脑二合一win11系统笔记本,https://detail.tmall.com/item.htm?id=662237874367&ns=1&abbucket=13,100+人付款,微软中国官方旗舰店
4498.00,Apple/苹果 12.9 英寸 iPad Pro 11 2021款 平板电脑 全新 M1芯片,https://item.taobao.com/item.htm?id=589006192582&ns=1&abbucket=13#detail,700+人付款,御品农夫
4098.00,Apple/苹果 11 英寸 iPad Pro 平板电脑12.9寸2021/2020款 全面屏,https://item.taobao.com/item.htm?id=676052876608&ns=1&abbucket=13#detail,200+人付款,q2667209353
4549.00,华为平板MatepadPro12.6英寸21年新款5G鸿蒙系统电脑二合一,https://item.taobao.com/item.htm?id=619104466116&ns=1&abbucket=13#detail,100+人付款,晶晶的网上店
5318.00,现货2021新款M1芯片Apple/苹果 12.9 英寸 iPad Pro 11寸电脑,https://item.taobao.com/item.htm?id=642720381123&ns=1&abbucket=13#detail,66人付款,e酷手机网
3688.00,2022新款 Apple/苹果 iPad Air5 10.9寸平板电脑air4国行美版紫色,https://item.taobao.com/item.htm?id=566631885196&ns=1&abbucket=13#detail,500+人付款,华夏数码科技有限公司
2499.00,Apple/苹果 iPad 9代 10.2英寸平板电脑 2021新款（A13芯片/1200万像素/iPadOS）苏宁易购官方旗舰店,https://detail.tmall.com/item.htm?id=655452829490&ns=1&abbucket=13,300+人付款,苏宁易购官方旗舰店
3799.00,Apple/苹果 iPad 9代 10.2英寸平板电脑 2021款（A13芯片/iPadOS）官方旗舰店[2059],https://detail.tmall.com/item.htm?id=674666564917&ns=1&abbucket=13,1000+人付款,苏宁易购官方旗舰店
3299.00,华为平板HUAWEI MatePad Pro 10.8英寸2021款鸿蒙HarmonyOS教育数码学生电脑8GB内存,https://detail.tmall.com/item.htm?id=646010191048&ns=1&abbucket=13,2000+人付款,华为官方旗舰店
2499.00,华为/HUAWEI MatePad 11新款120Hz高刷全面屏鸿蒙HarmonyOS影音娱乐学习办公电脑内存,https://detail.tmall.com/item.htm?id=649063625366&ns=1&abbucket=13,7000+人付款,华为官方旗舰店
2999.00,【国行正品 顺丰发货】Apple/苹果 iPad 10.2英寸苹果ipad电脑2021款版学生习教育网课优惠官网方ipad9,https://detail.tmall.com/item.htm?id=656064195796&ns=1&abbucket=13,1000+人付款,润森数码旗舰店
6199.00,【国行正品 顺丰发货】Apple/苹果 iPad Pro 11英寸苹果电脑2021版款学生学习游戏考研女专用官方旗舰店,https://detail.tmall.com/item.htm?id=613733692748&ns=1&abbucket=13,2000+人付款,润森数码旗舰店
2199.00,咨询更优惠】华为平板MatePad电脑10.4英寸2022悦动版WIFI全网通教育学习网课大学生全面屏Huawei商务办公用,https://detail.tmall.com/item.htm?id=670273873692&ns=1&abbucket=13,200+人付款,华为华亲专卖店
1699.00,【咨询减100】华为平板MatePad平板电脑10.4英寸2022新款教育11学习网课大学生全面屏全网通Huawei手机二合一,https://detail.tmall.com/item.htm?id=670270297467&ns=1&abbucket=13,1000+人付款,华为华亲专卖店
1199.00,【爆款平板】联想小新平板电脑小新Pad 2022学生学习电脑 护眼 娱乐办公电脑 联想官方旗舰店,https://detail.tmall.com/item.htm?id=674626793026&ns=1&abbucket=13,2000+人付款,联想官方旗舰店
2199.00,【咨询减150】华为平板MatePad平板电脑10.4英寸2022新悦动官方旗舰鸿蒙学习商务11学习全面屏手机ipad全网通,https://detail.tmall.com/item.htm?id=670964363698&ns=1&abbucket=13,200+人付款,华为信沃专卖店
4299.00,【大屏平板】联想平板电脑小新Pad Pro 12.6英寸骁龙870 高清屏8G+256GB护眼学生娱乐办公电脑,https://detail.tmall.com/item.htm?id=657794507024&ns=1&abbucket=13,97人付款,联想官方旗舰店
3128.00,2021新款Apple/苹果 iPad mini6代迷你六代8.3寸平板电脑正品国行,https://item.taobao.com/item.htm?id=656248187081&ns=1&abbucket=13#detail,500+人付款,夏永健xyj
4658.00,2021新款Apple/苹果iPad Pro11英寸/12.9寸平板电脑ipadproM1芯片,https://item.taobao.com/item.htm?id=610784939062&ns=1&abbucket=13#detail,300+人付款,夏永健xyj
2860.00,2021新款Apple/苹果 11 英寸 iPad Pro12.9 2020平板电脑3代2018,https://item.taobao.com/item.htm?id=635123587247&ns=1&abbucket=13#detail,200+人付款,sushaohuang56
2699.00,Apple/苹果 iPad Air4第五代10.9英寸ipadair4代平板电脑2022新款,https://item.taobao.com/item.htm?id=671094789061&ns=1&abbucket=13#detail,200+人付款,上海禄业
3949.00,2022新款Apple/苹果 iPad Air5 10.9英寸 Air4 Wifi 5G电脑M1,https://item.taobao.com/item.htm?id=528654378962&ns=1&abbucket=13#detail,100+人付款,李小麦的店
2099.00,咨询领惊喜大额券】小米平板5/5Pro官方旗舰正品二合一电脑5g版高清全面屏学习游戏办公专用ipad46爱派五官网,https://detail.tmall.com/item.htm?id=652900434065&ns=1&abbucket=13,300+人付款,宏百纳数码专营店
4999.00,【咨询减800】华为平板Matepad Pro 12.6英寸电脑二合一pad 5G游戏学习12寸ipad官方旗舰正品2022 MatePadPro,https://detail.tmall.com/item.htm?id=646616690368&ns=1&abbucket=13,300+人付款,蓝阳数码专营店
1898.00,【二合一平板电脑Win11+触摸屏】戴睿笔记本电脑windows系统商务办公学生教育用轻薄便携娱乐本2022新款,https://detail.tmall.com/item.htm?id=676271218288&ns=1&abbucket=13,500+人付款,dere戴睿旗舰店
3999.00,2021Apple/苹果 iPad Pro 11寸 12.9寸 2018 2020 air4 电脑,https://item.taobao.com/item.htm?id=614701862986&ns=1&abbucket=13#detail,200+人付款,做一个超级好卖家
2099.00,Apple/苹果 10.2 英寸 iPad 无线局域网机型 iPad20219代电脑,https://item.taobao.com/item.htm?id=672799677555&ns=1&abbucket=13#detail,400+人付款,王的女人1984
2499.00,Apple/苹果12.9 英寸 iPad Pro 11 2021款平板电脑 M1芯片Air5,https://item.taobao.com/item.htm?id=619373839989&ns=1&abbucket=13#detail,200+人付款,四际数码digital
3288.00,Apple/苹果2021新款iPad Pro11英寸12.9平板电脑2020/2018 Air5/4,https://click.simba.taobao.com/cc_im?p=%C6%BD%B0%E5&s=1576188984&k=749&e=JIJTylWZWMiXvFzVWcrIkWhT7e%2F0SaPx0hpoL3i5%2FkYuGV7GcXggarbNrUuGKtqyZ7DqniRDs8lrl3tvhfZevsfTKCmIMBsvxA7qShiuOCZn0VZIaXqJRelnHrUl74k%2BfTwSZKxN0au4M4N0h%2By3vl9%2Fni%2B2AGr7qesQA8ntXH%2BdfXm4hsY62fFMgA66luOmC3DYVyoJijWjlae%2FJxtlt%2FFP0MAu638%2FwHH0o%2FtiK%2Bri%2Bff074WiBWut%2B%2Fd%2BwX%2FYWudioRKkjq7BCSaypJHZQ0bAn7onLW%2BLPurJf4KtAPU1jNX4tuBblDKDnfZ%2FAPDV%2Flthy1tLJeAwGLASut5ZcTmKp%2Bnp8%2FK0V1f2MxprJJ%2BMQjs4%2BF3uG4VHz%2BY%2BTm%2FJlreiFUOe04uDuspauto8uAxP9WzLw5iYwniLa2iBA2DbFVbQ0BfyZ0alQgQfSiEwDMVHDvKpgNiD2AcDdJ00BUdy%2BwYUhdaZVxMk4Whn4mmx6keZ95tMWI4XfmfLXF2y1GtSFV7xV%2F17l3g2pEbzTGXkDuUMrepoG1yw4Xn8H08GuQQGRuDHqm2O%2BxB2eAD1DUpt0xSOReILlWAonn2bgYiM%2BZin1WfroW3n4GQKIpH2nSTB%2FG%2Fmy3YoJ03eNsOd2xgontHQ1YBadpBnRNFLXLJ9rbuiIyceJfhUMxhIpP0Bo26rMi2O2qoKWNw2Iw2i%2F3cGFOurlRFANeKhxOhQmsh0v7xGwBIowKZjj6VkTsI%3D#detail,100+人付款,马美凯
2288.00,Apple/苹果 10.2 英寸 iPad (第九代) 2021新款iPad9代电脑,https://click.simba.taobao.com/cc_im?p=%C6%BD%B0%E5&s=1576188984&k=749&e=a9CfuTlwnNKXvFzVWcrIkWhT7e%2F0SaPx0hpoL3i5%2FkYuGV7GcXggarbNrUuGKtqyZ7DqniRDs8lmWF2s6FpJnEezEdPviUJ2xA7qShiuOCZn0VZIaXqJRelnHrUl74k%2BfTwSZKxN0au4M4N0h%2By3vl9%2Fni%2B2AGr7qesQA8ntXH%2BdfXm4hsY62fFMgA66luOmC3DYVyoJijWjlae%2FJxtlt%2FFP0MAu638%2FwHH0o%2FtiK%2Bri%2Bff074WiBUOf75eWoJsmD9c%2FUu%2F0vVZDmdcsop2m64PtZw7RXcBGba2rvAwCPUPXOESdjV115og4S47ASnizd84GMORqC%2BkwGLASut5ZcTmKp%2Bnp8%2FK0V1f2MxprJJ%2BMQjs4%2BF3uG4VHz%2BY%2BTm%2FJ3ySuq5fL6uoWN8sV1TdsmgxP9WzLw5iYwniLa2iBA2DZlaB3DZ1gCeLagvf4jsuirv4QvAayw%2FpUnqJdh4%2BPkisZ2PfgtVta45l9OV%2Fyu3pYpmm2fdnZSLvroyqJmpdytw1XA7KPatZvI0IYlPSl3Ny6c9d6uFL5VBEQyggk329t78ct00nSZWKI6texm0xaM5H1LOMtOks5gBl010Cw12yIzEcySbmRqHwo8aD7TTxjeXngBSecyBYLhwxo1VPBw4uSvW2%2BxjFNU03GMFr5ZEWhs0kre%2FEuTuza7k6TiVNGStb9cKuGwEw7O7kq6NP32%2BhPhuqN95q0rOk4uq5jznLxdnYr93cTAzI%2FHk8KiMQ%3D#detail,2000+人付款,tb25084109
1299.00,咨询减200/华为平板电脑MatePad SE高清护眼10.1英寸2022新款全网通大学生学习ipad官方旗舰官网正品儿童pad,https://click.simba.taobao.com/cc_im?p=%C6%BD%B0%E5&s=1576188984&k=705&e=U%2FH0tue3k%2BGXvFzVWcrIkWhT7e%2F0SaPx0hpoL3i5%2FkYuGV7GcXggarbNrUuGKtqyrdSgHgsXEgyIjEZsvN0vRN9xZcpYiN4mxA7qShiuOCZn0VZIaXqJRelnHrUl74k%2BfTwSZKxN0au4M4N0h%2By3vl9%2Fni%2B2AGr7qesQA8ntXH%2BdfXm4hsY62fFMgA66luOmC3DYVyoJijWjlae%2FJxtlt%2FFP0MAu638%2FwHH0o%2FtiK%2Bri%2Bff074WiBdMlvQPa6vcwdTxVEbQinewm%2BOzXxXbH1taP9i1RsH2mIU8uPAG1%2F%2BlCfaP7fYM8PkyrvjssCxBD0ZUPMIGYHJcwGLASut5Zcc82rVtyWNpIhWB%2FaJiw0149h%2Fez6n6SUXCn7A8pm25THLXrPRlXFf7z%2BRLrvDiqH9sXBGBfG9mWZ7KgbdWdedBnCgbKJXJjeM2n56gxts0Z9GVPNmgUm84eBQBdz0S3cVB%2FFb2gjjIWrlEhGnsK%2FUDcRaQbVefl54LrlsB2twrhX7SYNoGbwD5iiOrXsZtMWjOR9SzjLTpLOYAZdNdAsNdsiMxHMkm5kah8KPGg%2B008Y3l54AUnnMgWC4cMaNVTwcOLkr1tvsYxTVNNxjBa%2BWRFobNJK3vxLnE6iZ0aYufxW4iuBfPxJJNMOzu5KujT99voT4bqjfeatKzpOLquY85y8XZ2K%2Fd3EwMyPx5PCojE,1000+人付款,蓝阳数码专营店
5438.00,2021新款Apple/苹果 12.9 英寸 iPad Pro11寸平板电脑M1芯片,https://item.taobao.com/item.htm?id=577000971543&ns=1&abbucket=13#detail,100+人付款,roamerhouse
6519.00,【国行正品】Apple/苹果平板电脑 iPad Pro 11英寸 2021 新款商务游戏办公学生 iPad 全面屏超广角绘图设计,https://detail.tmall.com/item.htm?id=643523053103&ns=1&abbucket=13,1000+人付款,易机数码旗舰店
4888.00,微软Surface Pro 8 i5 i7轻薄笔记本平板电脑二合一学生便携办公,https://item.taobao.com/item.htm?id=657759063574&ns=1&abbucket=13#detail,200+人付款,粉粉小小珠
2429.00,【顺丰当天发】Apple/苹果 iPad 10.2英寸苹果ipad电脑2021款版苹果官方旗舰店官网正品教育网课优惠,https://detail.tmall.com/item.htm?id=675735073068&ns=1&abbucket=13,300+人付款,巨利泰数码专营店
2099.00,【咨询领惊喜大额券】小米平板5/5Pro官方旗舰正品二合一电脑高清全面屏学习游戏办公ipad46爱派五官网5g版,https://detail.tmall.com/item.htm?id=652533249627&ns=1&abbucket=13,900+人付款,宏百纳数码专营店
2350.00,Apple/苹果 11 英寸 iPad Pro 2018 12.9寸2021新款 电脑2020,https://item.taobao.com/item.htm?id=581163010679&ns=1&abbucket=13#detail,200+人付款,李明钻
2268.00,Apple/苹果 10.2 英寸 iPad (第九代) 2021新款iPad9代电脑,https://item.taobao.com/item.htm?id=666716915980&ns=1&abbucket=13#detail,800+人付款,旺隆数码
2429.00,送碎屏保【咨询享优惠】荣耀平板电脑v7pro全网通5G游戏护眼新款11英寸绘画ipad网课适用华为耳机,https://detail.tmall.com/item.htm?id=667701074784&ns=1&abbucket=13,400+人付款,荣耀深圳专卖店
3249.00,【国行正品】Apple/苹果 iPad 10.2 英寸第九代 iPad2021款电脑学生学习绘画网课正品旗舰店 iPad,https://detail.tmall.com/item.htm?id=655809046126&ns=1&abbucket=13,400+人付款,易机数码旗舰店
4498.00,Apple/苹果 iPad Pro 11 英寸平板电脑12.9寸2020/2021/新款10.9,https://item.taobao.com/item.htm?id=638532723616&ns=1&abbucket=13#detail,1000+人付款,上海禄业
3246.00,2021新款 Apple/苹果 iPad mini6 第六代迷你5平板电脑 5G版国行,https://item.taobao.com/item.htm?id=588219442864&ns=1&abbucket=13#detail,200+人付款,华夏数码科技有限公司
2158.00,2021款 Apple苹果iPad 2020版 平板电脑 10.2寸 2019/mini5/Air4,https://item.taobao.com/item.htm?id=668685687540&ns=1&abbucket=13#detail,700+人付款,喜达3c数码
2499.00,【咨询领取150优惠劵】华为平板MatePad11学习办公游戏商务二合一2021官方旗舰新款ipad鸿蒙2022电脑,https://detail.tmall.com/item.htm?id=649409544906&ns=1&abbucket=13,200+人付款,华为卓瑞尔专卖店
1899.00,赠原装充电器套装+送碎屏险】Xiaomi/小米平板5 Pro最新版ipad学习办公电脑11英寸屏幕官方专用游戏正品,https://detail.tmall.com/item.htm?id=652533473328&ns=1&abbucket=13,1000+人付款,热图数码专营店
3598.00,Samsung/三星 SM-X700N Galaxy Tab S8 Ultra 5G电脑 国行S8+,https://item.taobao.com/item.htm?id=669144334004&ns=1&abbucket=13#detail,100+人付款,快乐家族_tb3
3058.00,2021新款Apple/苹果iPad mini6迷你平板电脑8.3寸ipadmini6第六代,https://item.taobao.com/item.htm?id=656113639436&ns=1&abbucket=13#detail,500+人付款,roamerhouse
3480.00,二手iPadpro 2020官换机2018款11寸3代12.9寸平板电脑ipadpro2021,https://item.taobao.com/item.htm?id=616939463848&ns=1&abbucket=13#detail,100+人付款,二宝贝商城
4888.00,微软Surface Pro 8 i5 i7平板电脑二合一笔记本win11办公高刷便携,https://item.taobao.com/item.htm?id=656481252934&ns=1&abbucket=13#detail,300+人付款,上海数码老周
2299.00,2022新款Apple/苹果iPadAir4 5代平板电脑10.9英寸ipad pro正品M1,https://item.taobao.com/item.htm?id=671397807907&ns=1&abbucket=13#detail,300+人付款,四际数码digital
2599.00,【24期免息】华为Matepad11平板电脑10.95英寸120Hz高刷屏2021款官方旗舰店iPad学生网课游戏办公考研Air电脑,https://detail.tmall.com/item.htm?id=650552355009&ns=1&abbucket=13,300+人付款,宏音伟业数码专营
5088.00,微软Surface Pro8 i5 i7 平板电脑二合一超薄笔记本办公学生win11,https://item.taobao.com/item.htm?id=656867852655&ns=1&abbucket=13#detail,100+人付款,p饕餮l
4980.00,2021新款 Apple/苹果 11英寸 iPad Pro12.9 21/20款电脑绘画,https://item.taobao.com/item.htm?id=657461820959&ns=1&abbucket=13#detail,100+人付款,刚贞爱贝
1999.00,【立减200】华为M6 8.4英寸平板电脑2022新款学生学习网课专用4G全网通话WiFi游戏办公pad官方旗舰正品mini,https://detail.tmall.com/item.htm?id=670799096744&ns=1&abbucket=13,300+人付款,沃德盛世数码专营店
3599.00,【咨询减800】华为平板MatePadPro 10.8英寸2021款pad11电脑二合一学生办公iPad官方旗舰2022正品matepad Pro,https://detail.tmall.com/item.htm?id=646966307815&ns=1&abbucket=13,300+人付款,蓝阳数码专营店
4299.00,【天猫狂暑季直降1000】Samsung/三星平板电脑Galaxy TAB S8/S8+/S8 Ultra 5G通话120hz高刷游戏学习办公网课,https://detail.tmall.com/item.htm?id=668859927824&ns=1&abbucket=13,300+人付款,三星威戈专卖店
1190.00,【14英寸全面屏】2022年新款平板电脑官方正品轻薄便携5G大学生办公学习网课专用吃鸡游戏pad二合一,https://detail.tmall.com/item.htm?id=674070335798&ns=1&abbucket=13,900+人付款,速系旗舰店
2750.00,Apple/苹果2022新款iPad Air5第五代10.9英寸2021air4 3电脑9,https://item.taobao.com/item.htm?id=672565136827&ns=1&abbucket=13#detail,1000+人付款,sushaohuang56
2750.00,2022新款Apple/苹果 iPad Air5第五代10.9英寸ipadair4代电脑,https://item.taobao.com/item.htm?id=673614639934&ns=1&abbucket=13#detail,500+人付款,jezhu
3800.00,Apple/苹果新款11寸iPad Pro12.9寸 2021M1平板电脑11寸2020 2018,https://item.taobao.com/item.htm?id=669114181650&ns=1&abbucket=13#detail,500+人付款,eternal1396
3699.00,【阿里官方自营】Apple/苹果 iPad 10.2英寸平板电脑 2021款iPad9（WLAN版/A13芯片/1200万像素）,https://detail.tmall.com/item.htm?id=672133240639&ns=1&abbucket=13,6000+人付款,喵速达电器官方旗舰店
4999.00,【阿里官方自营】Apple/苹果 iPad mini 6 8.3英寸电脑 2021款（A15芯片/全面屏/触控ID）,https://detail.tmall.com/item.htm?id=673300403050&ns=1&abbucket=13,1000+人付款,喵速达电器官方旗舰店
15459.00,【24期免息】2021年新款 Apple/苹果 iPad Pro 11英寸电脑,https://detail.tmall.com/item.htm?id=642757249259&ns=1&abbucket=13,100+人付款,苏宁易购官方旗舰店
4799.00,【M1芯片 国行正品】Apple/苹果 iPad Air 10.9英寸2022新款苹果电脑款学生习教育网课专用官网方旗舰air,https://detail.tmall.com/item.htm?id=669517257797&ns=1&abbucket=13,2000+人付款,润森数码旗舰店
2499.00,【学生专享】华为/HUAWEI MatePad 11新款120Hz高刷全面屏鸿蒙HarmonyOS影音娱乐学习办公电脑,https://detail.tmall.com/item.htm?id=652327932046&ns=1&abbucket=13,300+人付款,华为官方旗舰店
2718.00,【24期免息】MIUI/小米平板5 Pro新品官方旗舰店正品骁龙870学习办公娱乐ipad高清二和一电脑[2063],https://detail.tmall.com/item.htm?id=674632636247&ns=1&abbucket=13,100+人付款,苏宁易购官方旗舰店
1299.00,【咨询减200】华为平板Matepad SE新款10.1英寸全网通电脑pro全面屏学习大学生网课教育娱乐商务办公二合一11,https://detail.tmall.com/item.htm?id=674270995606&ns=1&abbucket=13,1000+人付款,华为华亲专卖店
1499.00,【新品上市】华为平板电脑HUAWEI MatePad SE 平板电脑热销榜学生学习专用官方正品教育,https://detail.tmall.com/item.htm?id=673625262630&ns=1&abbucket=13,3000+人付款,华为官方旗舰店
2299.00,【6期免息咨询更优惠】oppo平板电脑新款pad原装正品学生家用网课学习游戏办公绘画商务用2022新品官方旗舰,https://detail.tmall.com/item.htm?id=675698863349&ns=1&abbucket=13,300+人付款,宏百纳数码专营店
2199.00,Apple/苹果 iPadmini(第六代) ipadmini5/新款迷你6平板电脑256G,https://item.taobao.com/item.htm?id=672336897594&ns=1&abbucket=13#detail,500+人付款,上海禄业
3338.00,2022新款Apple/苹果 iPad Air5第五代10.9英寸ipadair4代电脑,https://item.taobao.com/item.htm?id=610302069978&ns=1&abbucket=13#detail,2000+人付款,夏永健xyj
6999.00,【阿里官方自营】Apple/苹果 iPad Pro 11英寸平板电脑 2021款(WLAN版/M1芯片Liquid视网膜屏),https://detail.tmall.com/item.htm?id=672505401926&ns=1&abbucket=13,2000+人付款,喵速达电器官方旗舰店
3288.00,Apple/苹果2021新款iPad Pro11英寸12.9平板电脑2020/2018 Air5/4,https://click.simba.taobao.com/cc_im?p=%C6%BD%B0%E5&s=1681780116&k=749&e=KQGYBEfGDcDUrndt0dXxTAfI%2Bs9ysTEXyeyR78I25YdLe%2FcZE8%2F98M4DKBj0ZXymozPrxDZygTv1ebJbTnbzT6MgxYvGf%2FRSD2rjJG54q3N8%2FX6AaNWbA2d8zDBuQxDsfZpIW%2BY3xIyoz2Rw97yNU%2FfGHPg2ZDkzQJGakfy6Yiw3I4e5KwjhyrqKdMphPlJacDdgm4AO6BpVW92%2BeZvUZEuPH6R9n6QyJ0T4QL3BlailSA5NvYfOli4sG2H0MwrbXQyKBCajc49bzmyT330zzyI54C9fkRVaF5nvONrgVtCk0%2BIZ6NVcoXjOOcG6a2N9WX9fe%2Fh1BD5z49%2BSKhJBDVKCxUxI0fUAXrWcU5o0f5ij6NtsorqZE3PrpwnKQtOTKKvZMpkrPDzLT6%2F1yL0sDO8vsBwVr0ouibZVRh9cUq2utVAtv0fCSxxug7CUAFNmnq5s703d8Jw%2FqXQqhQmttFAQN0%2FP2SPPRkg1PCI2IvQaA9ZvWqN0EHWF%2BE2Nbg%2FGzcsRjDHPslUNuef%2Fhzt6HJyJtrqeXRtFLqXTDyD%2BbYDHR5I4md4SezYY1%2FK9WM1JlyUEUg6EkK%2BsC9A3YHpYSKcJci%2Bdj%2F03mww7U4q%2Bc0CiByVmzeFWFJ4EbkYqC3ryhFm0qYmln6%2FF19VT8tFFNmpqgBcq7CQFrSvVoOSE31yZi2neMWJkyQNHb7ZanMY7S0Qw0h0j0snlEC68goCmNax6vtjwx15ipPbWY0hVwlA%3D#detail,100+人付款,马美凯
1590.00,【2022新品速发官方正品】超清视网膜全面屏平板电脑二合一全网通5G上网课考研办公学生学习吃鸡游戏专用快充,https://click.simba.taobao.com/cc_im?p=%C6%BD%B0%E5&s=1681780116&k=705&e=VVtJ9WKaPUzUrndt0dXxTAfI%2Bs9ysTEXyeyR78I25YdLe%2FcZE8%2F98M4DKBj0ZXym43R8gwDaLNMYiVSElNGBmSaTSBqq7xcmD2rjJG54q3N8%2FX6AaNWbA2d8zDBuQxDsfZpIW%2BY3xIyoz2Rw97yNU%2FfGHPg2ZDkzQJGakfy6Yiw3I4e5KwjhyrqKdMphPlJacDdgm4AO6BpVW92%2BeZvUZEuPH6R9n6QyJ0T4QL3BlailSA5NvYfOljnBIZ%2B061pO1xzYViXnz5XUsxtjPxJOHTk4rntUP4D1FPlYrN5jsaOirPCO8c08yxmjhGiJud88dALPZCiAC0gSP6y6T4VU8ml4795sNO%2Bl%2Fi6Z71NFWyxxXBrZ7qjw8uSmvVHKqKpgJw2E1AZG%2F0KUGP3rHSKVCcVckDKakahBH7sIItSYVV%2Fv9rCsM0OU%2Bop6%2B2iS5vDnvkSPxZk9lirh6L8lfLZE7nDaadhLHaF2DxD9hgHV%2BjVifdKfxVgG4D4xhCpBzQb9jsPqWz7JBE8W6nOApCna98%2B%2F7oOFww8kZVO6Q5QGXG8CG1Y8LuQb4NjlLAzXbvj5A8x5%2F03jw3ZSbKH7a%2BmG5QHeeQf2RqaKpjL9vghkKXlJXLIuXAuUsIBUy0JjVYf8jDw0pPI632kDR2%2B2WpzGO0tEMNIdI9LJ5RAuvIKApjWser7Y8MdeYqT21mNIVcJQ,10人付款,骏勇办公专营店
2288.00,Apple/苹果 10.2 英寸 iPad (第九代) 2021新款iPad9代电脑,https://click.simba.taobao.com/cc_im?p=%C6%BD%B0%E5&s=1681780116&k=749&e=3xvVZtxkb67Urndt0dXxTAfI%2Bs9ysTEXyeyR78I25YdLe%2FcZE8%2F98M4DKBj0ZXymozPrxDZygTvqYRybZdZ2SiJ%2FcFREQQh5D2rjJG54q3N8%2FX6AaNWbA2d8zDBuQxDsfZpIW%2BY3xIyoz2Rw97yNU%2FfGHPg2ZDkzQJGakfy6Yiw3I4e5KwjhyrqKdMphPlJacDdgm4AO6BpVW92%2BeZvUZEuPH6R9n6QyJ0T4QL3BlailSA5NvYfOlkC6JtxbqrJUPxPIe%2By6Ke1FbnhYbZxYwZ8xJ%2B5HbW5Ooma5wPru6I8iXAai0DO6rCNN%2BDdWqznBi028AAExSZpz49%2BSKhJBDVKCxUxI0fUAXrWcU5o0f5ij6NtsorqZE3PrpwnKQtOTw8iDmg2%2Fr1ihzUGqwlwoB%2B8vsBwVr0ouibZVRh9cUq2oUgsWYYVDZtK%2Fbzcr7jIWRGJthqtD1mHpn%2FTk3hZND%2B%2F1Z2iwmGpubCZsmTO2BQAaWcVVdmAgZzE0PELyubG41rxUn4JMj3hmqgyxXHVIXaJlWNeC8rkJKYls5q%2BvO3WEvg%2FyLqrhSD%2FOiDlLUkp3FWH7ocFqn5bxsh98t3JAyPmc5GknYpFn4LE4KgVp3gROEUQ1HP9hAbDOZ3%2FMP83diLOnIi%2Bk%2FVNkaOkhC5gd8KtrhtAArpK9tqxAjWpPkUhwJ0wN4PkIJNMisEQgjDsC7L%2BP8zBpTzaG%2BDPPc4SmaoxcMpdYu3KMpoHycLzXSnw%3D#detail,2000+人付款,tb25084109
8499.00,【阿里官方自营】Apple/苹果iPad Pro 12.9英寸电脑 2021款(WLAN版/M1芯片Liquid视网膜XDR屏),https://detail.tmall.com/item.htm?id=672835818676&ns=1&abbucket=13,100+人付款,喵速达电器官方旗舰店
2199.00,Apple/苹果2021新款iPadmini6 mini5平板电脑 iPad mini(第六代),https://item.taobao.com/item.htm?id=672415453286&ns=1&abbucket=13#detail,700+人付款,jezhu
2369.00,骁龙870处理器+顺丰当天发】小米平板5pro 256G 新款学生电脑官方旗舰全新正品5Pro学习办公娱乐商务,https://detail.tmall.com/item.htm?id=668361670071&ns=1&abbucket=13,800+人付款,热图数码专营店
7099.00,【M1芯片 天猫直发】Apple/苹果iPad Pro11英寸平板电脑2021款办公学生学习考研女绘画设计官网方旗舰店国行,https://detail.tmall.com/item.htm?id=644520719078&ns=1&abbucket=13,1000+人付款,onezero美承数码旗舰店
2298.00,Apple/苹果 10.2英寸平板电脑 iPad 第九代 iPad9 iPad2021款 港版 美版随机发,https://detail.tmall.com/item.htm?id=655583297044&ns=1&abbucket=13,500+人付款,topcool海外专营店
2298.00,2021新款Apple/苹果 10.2 英寸 iPad (第九代)平板电脑iPad9代8代,https://item.taobao.com/item.htm?id=657878599145&ns=1&abbucket=13#detail,2000+人付款,中华淘购网店
4999.00,Samsung/三星Galaxy TAB S8平板电脑大屏智能追剧视频游戏学习网课办公娱乐通用高性能120Hz 新骁龙8 gen1,https://detail.tmall.com/item.htm?id=669294203037&ns=1&abbucket=13,100+人付款,三星颢诺专卖店
4588.00,【12期免息】Microsoft/微软 Surface Go 3 i3 8GB 128GB 10.5英寸电脑二合一 学生网课win11系统,https://detail.tmall.com/item.htm?id=655476576131&ns=1&abbucket=13,300+人付款,微软中国官方旗舰店
2199.00,Apple/苹果2021新款 iPad mini6(第六代) ipadmini5迷你6电脑,https://item.taobao.com/item.htm?id=673674979834&ns=1&abbucket=13#detail,300+人付款,sushaohuang56
3228.00,2022新款Apple/苹果 iPad Air5代平板电脑10.9英寸ipadair4正品M1,https://item.taobao.com/item.htm?id=583232021851&ns=1&abbucket=13#detail,900+人付款,roamerhouse
2299.00,Apple/苹果 10.5 英寸 iPad Air4 ipad2021款9代2020 8代电脑,https://item.taobao.com/item.htm?id=643912068392&ns=1&abbucket=13#detail,800+人付款,淘宝之店主
4699.00,【M1芯片 2022新款】Apple/苹果iPad Air 5代10.9英寸学生习电脑办公设计绘图官网方旗舰教育网课优惠4,https://detail.tmall.com/item.htm?id=670533779022&ns=1&abbucket=13,5000+人付款,onezero美承数码旗舰店
2499.00,详情下拉领券更优惠+顺丰发】Xiaomi/小米平板5 Pro最新版ipad学习办公电脑11英寸屏幕官方专用游戏正品,https://detail.tmall.com/item.htm?id=669340356995&ns=1&abbucket=13,900+人付款,热图数码专营店
7099.00,【M1芯片 现货速发】Apple/苹果 iPad Pro 11 英寸电脑绘画游戏考研办公学生学习专用女生2021版新款,https://detail.tmall.com/item.htm?id=589737680782&ns=1&abbucket=13,100+人付款,彪客数码旗舰店
2178.00,Huawei/华为 华为MatePad 11 平板电脑2021新款学习学生网课pad,https://item.taobao.com/item.htm?id=670073284620&ns=1&abbucket=13#detail,200+人付款,yliun88
2699.00,【热销平板】OPPO Pad平板电脑骁龙870处理器新款网课学习办公绘画游戏商务专用官方正品,https://detail.tmall.com/item.htm?id=668046173923&ns=1&abbucket=13,100+人付款,oppo官方旗舰店
868.00,2022新款上市中华5G至尊平板电脑V10PRO官方正品二合一学生上网课,https://item.taobao.com/item.htm?id=675206642896&ns=1&abbucket=13#detail,600+人付款,动漫上上屋
1499.00,【咨询优惠】华为畅享平板2电脑10.1英寸二合一学习教育直播网课WiFi全网通话安卓10寸娱乐大学生官方旗舰4G,https://detail.tmall.com/item.htm?id=624567727504&ns=1&abbucket=13,200+人付款,华为华亲专卖店
3988.00,Samsung/三星 SM-X700N Galaxy Tab S8 Ultra 5G电脑 国行S8+,https://item.taobao.com/item.htm?id=667900448255&ns=1&abbucket=13#detail,81人付款,tb2413913_2012
1699.00,【咨询减100】华为平板MatePad平板电脑10.4英寸2022新款学习网课画画ipad官方旗舰店官网pad正品matepad11,https://detail.tmall.com/item.htm?id=670598530238&ns=1&abbucket=13,400+人付款,蓝阳数码专营店
808.00,【官方国行正品】2022新款平板电脑首款护眼高清全面屏可插卡轻薄办公网课游戏画画手机二合一学生专用学习机,https://detail.tmall.com/item.htm?id=676215701762&ns=1&abbucket=13,6000+人付款,韩众戴恩专卖店
1099.00,【新品首发】Lenovo/联想小新pad 2022款学生网课平板电脑娱乐办公128G低蓝光护眼2K全面屏小新ipad官方正品,https://detail.tmall.com/item.htm?id=675266373171&ns=1&abbucket=13,700+人付款,联想睿坤专卖店
1299.00,咨询减200/华为平板电脑MatePad SE高清护眼10.1英寸2022新款全网通大学生学习ipad官方旗舰官网正品儿童pad,https://detail.tmall.com/item.htm?id=674265635049&ns=1&abbucket=13,1000+人付款,蓝阳数码专营店
668.00,【官方现货速发】全面屏平板电脑官方正品超清2022新款二合一全网通游戏办公学习机轻薄考研网课5G护眼,https://detail.tmall.com/item.htm?id=676253176344&ns=1&abbucket=13,1000+人付款,戴恩旗舰店
758.00,【官方正品】2022新款5G平板电脑iPad Pro高清护眼全面屏13英寸商务办公二合一全网通游戏手机学生网课学习机,https://detail.tmall.com/item.htm?id=676795269813&ns=1&abbucket=13,1000+人付款,韩众曼诺蒂专卖店
1308.00,【咨询减200元】华为平板Matepad SE鸿蒙系统2022新款官方旗舰店官网正品学生学习电脑华为matepad se,https://detail.tmall.com/item.htm?id=675849709097&ns=1&abbucket=13,500+人付款,华为宏威科锐专卖店
1019.00,Apple/苹果 iPad 2018款2021平板电脑8 9代10.2寸2020Air4 3mini5,https://item.taobao.com/item.htm?id=659179952440&ns=1&abbucket=13#detail,400+人付款,sushaohuang56
918.00,官方正品2022新款V10pro平板电脑二合一学生学习网课办公游戏专用,https://item.taobao.com/item.htm?id=670390918121&ns=1&abbucket=13#detail,1000+人付款,李基鹏
900.00,Apple/苹果 iPad 2018款 2019平板电脑2020 2021 air2 mini2/4/5,https://item.taobao.com/item.htm?id=674237852074&ns=1&abbucket=13#detail,600+人付款,一辈子疼你2014
1430.00,Apple/苹果10.2英寸iPad8平板电脑 2017/2018/2019/2020/2021九代,https://item.taobao.com/item.htm?id=676379054191&ns=1&abbucket=13#detail,300+人付款,快乐小阳
1019.00,Apple/苹果 iPad 2018款2021平板电脑10.2英寸8 9代2020air4 3pro,https://item.taobao.com/item.htm?id=666063588034&ns=1&abbucket=13#detail,300+人付款,jezhu
1750.00,Apple/苹果 10.2英寸 iPad8 (第九代)新款2021/2020/2019电脑,https://item.taobao.com/item.htm?id=673029631645&ns=1&abbucket=13#detail,500+人付款,夏夜之梦77
1129.00,Apple/苹果 Apple/苹果 10.2 英寸 iPad2020/18/19代新款电脑,https://item.taobao.com/item.htm?id=658489548747&ns=1&abbucket=13#detail,600+人付款,谁先转身jt
1676.00,【官方正品】2022新款5G平板电脑iPad Pro高清护眼全面屏娱乐商务办公二合一学生网课学习考研安卓学习机,https://detail.tmall.com/item.htm?id=674324748390&ns=1&abbucket=13,1000+人付款,韩众曼诺蒂专卖店
1329.00,Apple/苹果 iPad 2018款 2019平板 air2 pro10.5 12.9寸mini 4 5,https://item.taobao.com/item.htm?id=656750941423&ns=1&abbucket=13#detail,900+人付款,tb8129558330
5268.00,2020款Apple/苹果 11 英寸 iPad Pro 12.9寸 ipadpro11寸电脑,https://item.taobao.com/item.htm?id=580786912447&ns=1&abbucket=13#detail,80人付款,xiaoshengjin
2199.00,Huawei/华为MatePad11全面屏平板电脑鸿蒙系统2021款教育办公ipad,https://item.taobao.com/item.htm?id=659407471182&ns=1&abbucket=13#detail,200+人付款,中宽通讯行
8399.00,24期免息送豪礼当天发货2021新款Apple/苹果iPad Pro12.9英寸120HZ全面屏M1芯片电脑便携式触控电脑学生,https://detail.tmall.com/item.htm?id=642275494543&ns=1&abbucket=13,43人付款,久汇数码专营店
499.00,苹果iPad 2018款2019款pro平板电脑学生网课游戏5/6/Air2 mini2/4,https://item.taobao.com/item.htm?id=667537286986&ns=1&abbucket=13#detail,1000+人付款,紫蓝儿貌
848.00,官方正品2022新款V10Pro平板电脑二合一学生学习网课办公游戏考研,https://item.taobao.com/item.htm?id=674914984231&ns=1&abbucket=13#detail,500+人付款,zhgy72
7999.00,【M1芯片 顺丰包邮】Apple/苹果 iPad Pro 11 英寸电脑绘画游戏考研办公学生学习专用女生2021版新款,https://detail.tmall.com/item.htm?id=617331976161&ns=1&abbucket=13,400+人付款,彪客数码旗舰店
3288.00,Apple/苹果2021新款iPad Pro11英寸12.9平板电脑2020/2018 Air5/4,https://click.simba.taobao.com/cc_im?p=%C6%BD%B0%E5&s=1082785743&k=749&e=hFFecU4Qw1UgjDGAi5Bx0Ob1ARPv6nazU1x%2Fmga0tBw59atLVfitZpJd%2F83m%2BtlPPv2T7sJxpzt16n9ecTNucInKGbcWLIGBMKelR4m5wllvVYZfnQG7pGhW1GSymcXXU7KouTO%2Fvim5ojuESm4jZH3WOQa8cZ4eEx4Fslg69I7CKWhAdGrbAJOrFyceBwdBs1Q0PuxLp9ttBPWafjMVqzgP4wRw2wE8rrp%2FDMMVufJk1Rqt8mn69QR5knNlxiiywlTxoQ9xz5myGyOn9B4SQSb5a%2B1zh1ele9Q2abuSCR1ubEicDDWOnfDX1STIxi6034FwvDQKO1H%2F7H58La6vmkNeoyX8niiq01xqB1XNUxxuLZkPpomrLR3ZURC6b%2FQSeFVb9vUkCTATkvQdejiilt8BYDI%2B8HJFilyvNa6xxaNsrWjTB53xV2YG0YCA9TuHPiunk0jHDccQLVutKmWbRaaBchjlbUjkZHCIoSytkr3ruE0G6ycfefqpKm73AMDxURbtbs5y%2BXYMZOYMSG5C9nHVklJZBHmSBRmv%2FsvP%2BJ%2BVhiU7TySsJGkjl67SdKPjMFgzsMMp7jL%2B5r%2BmqHYMo0TA3%2FmIfMYdxrythE2y5aWeyZPgtXvEvup30MJ%2BcjkK8d0k3gZ%2Fm8L2SsFr0R%2B4Fo2off8hG88VbkDgX7ehCdrMjqTnyuK8b2u6tt48xAI5LesvZCajWAqYmmkxJdRnsokUmssdU8mgfDr5bxieBSI%3D#detail,100+人付款,马美凯
1590.00,【2022新品速发官方正品】超清视网膜全面屏平板电脑二合一全网通5G上网课考研办公学生学习吃鸡游戏专用快充,https://click.simba.taobao.com/cc_im?p=%C6%BD%B0%E5&s=1082785743&k=705&e=NOuYM0E4LaUgjDGAi5Bx0Ob1ARPv6nazU1x%2Fmga0tBw59atLVfitZpJd%2F83m%2BtlPnNokb2%2F5MFPkelmQCC%2BajRSXNn7KiokvMKelR4m5wllvVYZfnQG7pGhW1GSymcXXU7KouTO%2Fvim5ojuESm4jZH3WOQa8cZ4eEx4Fslg69I7CKWhAdGrbAJOrFyceBwdBs1Q0PuxLp9ttBPWafjMVqzgP4wRw2wE8rrp%2FDMMVufJk1Rqt8mn69fcNgeejYr7qfS6EEOnh7LNCL4FvUcpTr9siY6FGJqJxWumGpna7KL%2F3WwUMmcBgY90oXUfiOlRiF2IvFRahWJw3A6BSetnlxnWygZLq15dX%2Fd8pazQ1YV9mxkaizAnqoZSdAoXzTh0LlLqXfVa3cGWiRp2iyfaywqe6Lz%2FqR3FTq8I574I%2B0yqss25n11rhVsvyDq76%2BWAxKJtzqESPaS2%2BAoMtxUKExUqkyrfKQC31ecKrnTvUSuPBabmajwCTQdfB27p58jVvgC%2BXpK8A3ZAOXZZy1KMc%2F2z18%2BPn3kbxKjCSnphrCn8vTUlkdclF2BviZQqPfJSly071nF4m2hOioUxlzkIHnpPK%2FE4lXLFDwzY0ndjyOFngTKG20v9mHOWlTDwz%2B1ld8j6s31Cd2tlrurbePMQCOS3rL2Qmo1gKmJppMSXUZ7KJFJrLHVPJoHw6%2BW8YngUi,10人付款,骏勇办公专营店
2288.00,Apple/苹果 10.2 英寸 iPad (第九代) 2021新款iPad9代电脑,https://click.simba.taobao.com/cc_im?p=%C6%BD%B0%E5&s=1082785743&k=749&e=WHVKVFlDqcYgjDGAi5Bx0Ob1ARPv6nazU1x%2Fmga0tBw59atLVfitZpJd%2F83m%2BtlPPv2T7sJxpzuh%2FHLpHaEHc7HBJRisWtnjMKelR4m5wllvVYZfnQG7pGhW1GSymcXXU7KouTO%2Fvim5ojuESm4jZH3WOQa8cZ4eEx4Fslg69I7CKWhAdGrbAJOrFyceBwdBs1Q0PuxLp9ttBPWafjMVqzgP4wRw2wE8rrp%2FDMMVufJk1Rqt8mn69VlGLEd4BxivGNTTS3IYE55HMlLbkH74F%2BmzHBs8Ocsj6k%2FJvxB7uviTTA2%2FHQ5Ifv9REdT%2FczOkLqAEux386hX%2F7H58La6vmkNeoyX8niiq01xqB1XNUxxuLZkPpomrLR3ZURC6b%2FQSjDLOkcTpye528oTzHrmzVN8BYDI%2B8HJFilyvNa6xxaMRAgEg7izcfG6ISBiZyh8K14A3BpVLQ79gm8O3pzW%2BMb9ioKdEvYzEphtXH%2BsVSbIsg6zxAdLoTrgGYpOkd8DoJ3XgZ76F4oOY9ARchmyonc6bAGgQkzLdq5hFyv%2Fnau4wh%2FfPe4%2Fj6lj04V%2FUigI9o%2BuWMTC3ZJ4iBleBQ67bIuumla8zw934t31WAmvGV%2Fe2cO1KvPVmzElBbGBtSCy8ImJd4Mrozdisgy4tffsg0ULskNjKzdyxW%2BnfBoxM%2BHKPI6xTdQ1u%2FsB00J%2Fb9%2Fi54c0qs1prW4ko3uvVnqsg%2BGMC7Vhrr90q4gKgaBdcD2k%3D#detail,2000+人付款,tb25084109
5849.00,【新款M1芯片】Apple/苹果 iPad Pro 11英寸平板电脑2021新款设计游戏考研学生学习教育官网方国行正品,https://detail.tmall.com/item.htm?id=644637167115&ns=1&abbucket=13,100+人付款,响誉数码旗舰店
1635.00,现货 MIUI/小米 平板5 Pro平板电脑5plus官方旗舰正品ipad5,https://item.taobao.com/item.htm?id=653447763208&ns=1&abbucket=13#detail,200+人付款,鸿威通讯
5699.00,Apple/苹果 iPad Air (第五代) 10.9 英寸无线局域网机型电脑官方旗舰店[2059],https://detail.tmall.com/item.htm?id=674700176963&ns=1&abbucket=13,45人付款,苏宁易购官方旗舰店
6199.00,Apple/苹果 2021年款 iPad Pro 11英寸WLAN版平板电脑M1芯片苏宁易购官方旗舰店[2059],https://detail.tmall.com/item.htm?id=675731143493&ns=1&abbucket=13,78人付款,苏宁易购官方旗舰店
5499.00,【阿里官方自营】Apple/苹果 iPad Air 5 10.9英寸电脑 2022年新款(WLAN版/M1芯片）,https://detail.tmall.com/item.htm?id=673182059818&ns=1&abbucket=13,3000+人付款,喵速达电器官方旗舰店
3699.00,【赠高清屏幕膜】Apple/苹果iPad 10.2英寸平板电脑2021款 iPad9原装国行赠送高清屏幕膜,https://detail.tmall.com/item.htm?id=674727130466&ns=1&abbucket=13,4000+人付款,喵速达电器官方旗舰店
6899.00,【24期免息 顺丰包邮】Apple/苹果iPad Pro 11英寸2021款M1学生学习考研专用电脑办公绘画官网方旗舰店,https://detail.tmall.com/item.htm?id=581344864726&ns=1&abbucket=13,99人付款,onezero美承数码旗舰店
1499.00,咨询减400/华为畅享2平板电脑10.1英寸护眼高清学生matepad2022新款全网通官方旗舰官网想matepad se学习ipad,https://detail.tmall.com/item.htm?id=624261934497&ns=1&abbucket=13,700+人付款,蓝阳数码专营店
2860.00,2021新款Apple/苹果 iPad Pro 2020/2018/air4平板电脑3代绘画11,https://item.taobao.com/item.htm?id=661339441091&ns=1&abbucket=13#detail,100+人付款,sushaohuang56
2199.00,【咨询减150】华为平板MatePad平板电脑10.4英寸2022新款悦动版游戏学习专用全网通官方正品pad旗舰官网 ipad,https://detail.tmall.com/item.htm?id=670579066653&ns=1&abbucket=13,200+人付款,蓝阳数码专营店
2308.00,Huawei华为MatePad 11全面屏平板电脑鸿蒙系统2021款教育办公ipad,https://item.taobao.com/item.htm?id=649769381974&ns=1&abbucket=13#detail,100+人付款,东芝021
1899.00,【热销爆品】Xiaomi/小米平板5骁龙860学习办公娱乐神器小米官方旗舰店2.5k高清120Hz高刷电脑,https://detail.tmall.com/item.htm?id=652805247718&ns=1&abbucket=13,63人付款,小米官方旗舰店
1699.00,【咨询减100】华为平板MatePad平板电脑10.4英寸2022新款鸿蒙学生学习专用pad教育网课ipad华为matepad10.4,https://detail.tmall.com/item.htm?id=670269097989&ns=1&abbucket=13,200+人付款,华为宏威科锐专卖店
1299.00,[咨询优惠】华为平板电脑MatePad SE10.1英寸护眼高清2022新款全网通ipad官方旗舰官网学生学习教育matepadse,https://detail.tmall.com/item.htm?id=673222076410&ns=1&abbucket=13,200+人付款,华为信沃专卖店
1758.00,新品MIUI/小米 平板5 Pro平板电脑5plus官方正品ipad旗舰5Pro,https://item.taobao.com/item.htm?id=652165440392&ns=1&abbucket=13#detail,200+人付款,鲁信数码科技公司
5937.99,微软surface Pro8平板电脑二合一笔记本11代窄边框高刷7触屏win11,https://item.taobao.com/item.htm?id=657463530660&ns=1&abbucket=13#detail,100+人付款,陈旭yepp
5749.00,【顺丰当天发】Apple/苹果 iPad Pro 11英寸苹果平板电脑2021款苹果官方旗舰店官网正品ipad2021学生网课专用,https://detail.tmall.com/item.htm?id=661167844140&ns=1&abbucket=13,100+人付款,巨利泰数码专营店
2399.00,Apple/苹果 10.5 英寸 iPad Air3 4ipad2021款9代2020电脑pro,https://item.taobao.com/item.htm?id=655285717817&ns=1&abbucket=13#detail,100+人付款,淘宝之店主
9788.00,【24期免息】微软Surface Pro 8 i7 16GB 256GB 512GB 11代酷睿时尚轻薄便携商务笔记本电脑二合一Pro8,https://detail.tmall.com/item.htm?id=656202077476&ns=1&abbucket=13,84人付款,微软升捷专卖店
2238.00,Apple/苹果 10.2 英寸 iPad2021新款iPad9代 2021款iPad9电脑,https://item.taobao.com/item.htm?id=626926472176&ns=1&abbucket=13#detail,200+人付款,领域数码通讯
5358.00,2021现货Apple/苹果 新款11寸Pro iPad Pro 12.9寸M1芯片电脑,https://item.taobao.com/item.htm?id=644218159071&ns=1&abbucket=13#detail,78人付款,jj.shen
4199.00,【国行现货 现货直发】Apple/苹果iPad mini 6代平板电脑迷你2021学生游戏绘图网课教育优惠官方网旗舰店pro,https://detail.tmall.com/item.htm?id=655375969937&ns=1&abbucket=13,100+人付款,onezero美承数码旗舰店
4099.00,【国行正品 多仓发货】 Apple/苹果iPad Air 5代 10.9英寸电脑 2022款新品M1芯片 5G蜂窝网络,https://detail.tmall.com/item.htm?id=671419711846&ns=1&abbucket=13,200+人付款,瑞松锦泰数码专营店
1299.00,Huawei/华为平板Matepad SE电脑10.1英寸办公上网课学生学习专用,https://detail.tmall.com/item.htm?id=673635049182&ns=1&abbucket=13,200+人付款,天猫超市
5550.00,2021新款 双摄全面屏Apple/苹果iPad Pro 11寸12.9寸英寸电脑,https://item.taobao.com/item.htm?id=529559212873&ns=1&abbucket=13#detail,73人付款,zjdtpprint
2588.00,Samsung/三星 SM-X700N TabS8ultra平板电脑智能追剧视频游戏网课,https://item.taobao.com/item.htm?id=625820407537&ns=1&abbucket=13#detail,96人付款,librapsp
919.00,【顺丰速发】中柏win10平板电脑二合一PC笔记本电脑windows11系统触摸屏办公网课学习轻薄便携本12期免息,https://detail.tmall.com/item.htm?id=625572789690&ns=1&abbucket=13,400+人付款,jumper中柏旗舰店
3180.00,三期免息 Apple/苹果 iPad mini6代 iPad平板电脑2021mini6代新款,https://item.taobao.com/item.htm?id=671962396819&ns=1&abbucket=13#detail,100+人付款,绿水人佳
1899.00,赠原装充电头/顺丰发】Xiaomi/小米平板5 新款骁龙860学习办公专用官方旗舰 ipad原装正品电脑11英寸pro键盘,https://detail.tmall.com/item.htm?id=651782176715&ns=1&abbucket=13,200+人付款,热图数码专营店
3180.00,Apple/苹果iPad mini6 2021款ipad9代平板电脑Air4迷你6 新款,https://item.taobao.com/item.htm?id=671592225088&ns=1&abbucket=13#detail,100+人付款,陈志刚19680214
2699.00,Apple/苹果 iPad(第四代)2022新款10.9英寸iPadair4/air3电脑,https://item.taobao.com/item.htm?id=669409404925&ns=1&abbucket=13#detail,98人付款,海亿实业
6988.00,【分期免息】Microsoft/微软 Surface Pro 7+ i5 8GB 128GB 12.3英寸二合一笔记本轻薄本,https://detail.tmall.com/item.htm?id=665292536940&ns=1&abbucket=13,88人付款,微软中国官方旗舰店
1759.00,现货 MIUI/小米 平板5 Pro 5G骁龙870 小米平板5 120Hz游戏高刷屏,https://item.taobao.com/item.htm?id=653356263238&ns=1&abbucket=13#detail,100+人付款,风一花雪月
2529.00,【多仓当天发】Apple/苹果iPad9代10.2英寸2021新款电脑官方旗舰正品学生网课教育绘画二合一游戏娱乐,https://detail.tmall.com/item.htm?id=589406661887&ns=1&abbucket=13,200+人付款,宏音伟业数码专营
2499.00,vivo Pad 平板电脑2022新款 骁龙旗舰处理器学生网课学习办公绘画游戏护眼电脑官方正品,https://detail.tmall.com/item.htm?id=670832488185&ns=1&abbucket=13,82人付款,能良数码官方旗舰店
1599.00,Apple/苹果 10.2英寸2021新款iPad2020/2019/18/17款电脑绘画,https://item.taobao.com/item.htm?id=673042461912&ns=1&abbucket=13#detail,100+人付款,海亿实业
2459.00,Apple/苹果iPad九代10.2英寸2021新款学生习网课画画苹果iPad9无线局域网电脑官方旗舰国行正品,https://detail.tmall.com/item.htm?id=669948364749&ns=1&abbucket=13,200+人付款,三州数码旗舰店
2799.00,详情领百亿补贴专属优惠】Xiaomi/小米平板5 Pro 5G全网通iPad11英寸官方旗舰全新正品店小米电脑5Pro,https://detail.tmall.com/item.htm?id=669343635472&ns=1&abbucket=13,100+人付款,魅立数码专营店
5749.00,【 多仓发货 国行正品】Apple/苹果 2021款iPad Pro 11英寸新款苹果电脑M1芯片支持妙控键盘5G蜂窝网络,https://detail.tmall.com/item.htm?id=653682147621&ns=1&abbucket=13,300+人付款,瑞松锦泰数码专营店
4299.00,【国行正品+全国联保】Apple/苹果2022新款iPad Air 5代10.9英寸苹果电脑款学生习画画专用游戏直降官方,https://detail.tmall.com/item.htm?id=675395573098&ns=1&abbucket=13,200+人付款,深蓝港数码旗舰店
3549.00,【6期免息】 vivo pad平板电脑2022新款骁龙870学生学习绘画商务办公游戏快充 vivopad 手写 vivo官方旗舰店,https://detail.tmall.com/item.htm?id=671859007530&ns=1&abbucket=13,300+人付款,欧曙数码专营店
3288.00,Apple/苹果2021新款iPad Pro11英寸12.9平板电脑2020/2018 Air5/4,https://click.simba.taobao.com/cc_im?p=%C6%BD%B0%E5&s=377378840&k=749&e=3QHUV8LYmby7QWjmg8S9e6Xrk42mhaBNzwZF%2B58R%2BBWkmF8SSys4a%2B%2Bi%2FePOkOoty7CNWsHaaYufsADFx68YIiiUV3pJVMgyXf3PIS5CzzL7a3fzEgrJ1DSnhH96DetuLs7SKOkMDxKYYyrSDUU0Ga1Clu3UTbdVPr3%2BhO1LnuzfzxUKFMzZi5q7JAn6eweB3kkIzv%2FsQaBKb3apGf6yv9IvqKJwo9F%2BvE5hSBg5BRFCmcPMXhOO9hMZm9Gg6nPy7Qv5uN5D3QpV5oiNZLjik9cOGDLzcwiJxGlbZk9qw2jau8lP%2F5HF2wiEOUAGNP0%2BRWndg3M%2FHW9VkEi4vz0fmo30jj3yl9JAHVMZ2aVj%2Fb6l2MODJbjpxcsCe1Ikl8rwLSZ%2BwVzngIPcVUqe48P2nkX8JZoH1YMIIh%2FbHc2k2MOUbqgOsexW00%2FtGWubZiWtGJ9RXpQgPd8mcAEnjWnl0EDavOEeApsGDOOnAEnsPsJ0JvOjSNMShvjnB0lpGfPuwkEjdlU%2Flb1N8BeMnKIx0%2Br0oCxrsg%2FET3c1%2BDB4LHnSdlj7WJ1TMVHgt8WsakZX8wHhX93PkYtPcfD7dxZzOeanoF7TQYmAIqK36mTEpH6mVa2ANeecuiXpibtu42yZc7VbxLNL6Ii5K9nDrGm3RElFC500dUj4yqrFq5V%2FFnlCWW%2Fnm6TTyjmce8Z1HgZ3GvXAi4P9JLNPK0hEcfazEK8O0HYA1UOZDLE%2FZe7TiHI%3D#detail,100+人付款,马美凯
1590.00,【2022新品速发官方正品】超清视网膜全面屏平板电脑二合一全网通5G上网课考研办公学生学习吃鸡游戏专用快充,https://click.simba.taobao.com/cc_im?p=%C6%BD%B0%E5&s=377378840&k=705&e=LLuoR%2F1varO7QWjmg8S9e6Xrk42mhaBNzwZF%2B58R%2BBWkmF8SSys4a%2B%2Bi%2FePOkOots6KKFtpXI1r7%2B28O2d2sNe%2B4RsblrXmpXf3PIS5CzzL7a3fzEgrJ1DSnhH96DetuLs7SKOkMDxKYYyrSDUU0Ga1Clu3UTbdVPr3%2BhO1LnuzfzxUKFMzZi5q7JAn6eweB3kkIzv%2FsQaBKb3apGf6yv9IvqKJwo9F%2BvE5hSBg5BRFCmcPMXhOO9sDASUlZ4ilFS52qZvFHfD8mnvIIGpPOivvFgg0uq7fxjh%2FqCTPs4qBcfaSfLkiUEc2dtKvbBetN7QC4aPUOX%2BD%2BMYqBslGPXsx2xSDeLUZhw9T79jU%2Bp%2F4STmfpj0EFU6CoWCFEQBYJ%2BIkeiaRZt9sWY7B4AvH836t20d5BX2Vhu8uq3uSXTaOcAlnitzlobe6%2FmZ6hhvjqXfrTAMZn%2FYgGA5J9gM9Py%2Fi81dB%2BiPDwOM2TwCZHLnU5LTg81WYXWb5T9svmE8VRMPUhfh3V8uZAyzfGdd4yg4CIZjly0IvA5ZUfGAflFqFDBciQwXXi8PAxoSGE6SdjqqwdsYsNxKCDJf%2BYmMiQsxq%2BJdAvQVGL8WtmYuB7t%2Fpf4GxQrYKFGz3sMd8cO1w794IqU87j6w85nHvGdR4Gdxr1wIuD%2FSSzTytIRHH2sxCvDtB2ANVDmQyxP2Xu04hy,10人付款,骏勇办公专营店
2288.00,Apple/苹果 10.2 英寸 iPad (第九代) 2021新款iPad9代电脑,https://click.simba.taobao.com/cc_im?p=%C6%BD%B0%E5&s=377378840&k=749&e=zWqLURfLj027QWjmg8S9e6Xrk42mhaBNzwZF%2B58R%2BBWkmF8SSys4a%2B%2Bi%2FePOkOoty7CNWsHaaYvbw7EOwHey3%2BeYJwa3k9wdXf3PIS5CzzL7a3fzEgrJ1DSnhH96DetuLs7SKOkMDxKYYyrSDUU0Ga1Clu3UTbdVPr3%2BhO1LnuzfzxUKFMzZi5q7JAn6eweB3kkIzv%2FsQaBKb3apGf6yv9IvqKJwo9F%2BvE5hSBg5BRFCmcPMXhOO9kMIGtFT9DH0nLejQx75ZBv0ZSCLhn197pL2JxjABDzXpeStzs%2BOhFBBLF1%2B2fA1Y6hdff6ElXXHVr8i%2BHCrTZZVkEi4vz0fmo30jj3yl9JAHVMZ2aVj%2Fb6l2MODJbjpxcsCe1Ikl8rw6XA6GPk1fWJ9j6%2BZErvnjUX8JZoH1YMIIh%2FbHc2k2MO3qI1412TZ1k7vpaIgLRWoSkHsymOEWw8qcKToBWOt1lrCxdRHW7CCPT1OVw8Y4NcdDKvgJC%2FdlRxUVgk0MtyqxBQ1yw3uduAV0CVgBqObz5b5bbVVqxxMK3V6SW5uKJkK%2Bb%2Blizu4Zs7UfSJ5iFzEgMtQ7l3Gt5nFmboMXcI3erwLbd8eBOEHviicNS6PabaffVrG1n6ccjA1%2BufrJaWLb5Ou1rVUdd%2BnCpQHjayEgWvHSs61DVQNPSK4JW93ZQQQV6a47H0m%2Bjhqa%2FjyXZLUsNjy1bXoV0U6GdzRhQGkjgq4qI%2BvyXcfUIZEt%2Ba1reE%3D#detail,2000+人付款,tb25084109
6549.00,【12期免息 顺丰包邮】Apple/苹果 iPad Pro 2021款11英寸苹果电脑学生学习教育绘画设计专用官网方旗舰,https://detail.tmall.com/item.htm?id=624506804562&ns=1&abbucket=13,38人付款,润森数码旗舰店
4559.00,Apple/苹果21款iPad Pro平板电脑M1芯片网课国行5G分期免息BS现货,https://item.taobao.com/item.htm?id=527508968319&ns=1&abbucket=13#detail,100+人付款,zhuxiaoming1113
1299.00,【新品首发】OPPO Pad Air平板电脑家用办公商用绘画学习游戏一体机新品pad骁龙旗舰处理器官方正品,https://detail.tmall.com/item.htm?id=674267768944&ns=1&abbucket=13,200+人付款,oppo普天精诚专卖店
1858.00,微软Surface Go3 128G学生网课平板电脑二合一10.5英寸触屏轻办公,https://item.taobao.com/item.htm?id=657868279342&ns=1&abbucket=13#detail,94人付款,粉粉小小珠
1599.00,Apple/苹果iPad mini5新款mini6 8.3寸平板电脑迷你4代7.9寸256GB,https://item.taobao.com/item.htm?id=672404136751&ns=1&abbucket=13#detail,100+人付款,刚贞爱贝
1108.00,【网课平板】Lenovo/联想平板小新Pad Pro 2021 11.5英寸骁龙870 2.5k OLED屏影音娱乐办公学习游戏电脑,https://detail.tmall.com/item.htm?id=649186396495&ns=1&abbucket=13,300+人付款,联想通恒本厚专卖店
2498.00,Huawei/华为 HUAWEI MatePad Pro平板电脑10.8/12.6英寸鸿蒙系统,https://item.taobao.com/item.htm?id=647864967128&ns=1&abbucket=13#detail,98人付款,苏苏通讯
3800.00,Apple/苹果 新款11寸iPad Pro 12.9寸 2021平板电脑2020pro 2018,https://item.taobao.com/item.htm?id=674121670100&ns=1&abbucket=13#detail,88人付款,eternal1396
5330.00,2021新款Apple/苹果 iPad Pro 12.9寸 11寸 全面屏 5g 电脑,https://item.taobao.com/item.htm?id=528789659967&ns=1&abbucket=13#detail,80人付款,麦克团mactuancom
3999.00,【国行正品 顺丰发货】Apple/苹果 2021 新款 iPad mini 6 8.3 英寸苹果电脑学生学习游戏专用六代官网方,https://detail.tmall.com/item.htm?id=601760410667&ns=1&abbucket=13,60人付款,润森数码旗舰店
808.00,Huawei/华为 HUAWEI MatePad Pro5G麒麟990新款2021鸿蒙电脑,https://item.taobao.com/item.htm?id=629572607527&ns=1&abbucket=13#detail,200+人付款,致胜数码店
4849.00,【24期免息】华为平板MatePadPro12.6英寸平板电脑麒麟9000新款瓦格纳ipad11官方旗舰店正品,https://detail.tmall.com/item.htm?id=670589054631&ns=1&abbucket=13,23人付款,能良数码官方旗舰店
1285.00,Apple/苹果 iPad 2018款 iPad air3 平板电脑9.7寸2017新款Pencil,https://item.taobao.com/item.htm?id=569148038070&ns=1&abbucket=13#detail,46人付款,金点相信自己
299.00,苹果平板电脑iPad5代6代iPad Air1/Air2 mini1 mini2 4代网课,https://item.taobao.com/item.htm?id=673479031416&ns=1&abbucket=13#detail,600+人付款,智能宝宝001
8499.00,Apple/苹果 iPad Pro 12.9英寸平板电脑 2021年新款(WLAN版/M1芯片/Liquid视网膜屏),https://detail.tmall.com/item.htm?id=668776592776&ns=1&abbucket=13,56人付款,苏宁易购官方旗舰店
4899.00,Apple/苹果Apple iPad Air 4 10.9英寸 平板电脑 2020年款（WLAN版/A14芯片/触控ID/全面屏）,https://detail.tmall.com/item.htm?id=673635331266&ns=1&abbucket=13,200+人付款,喵速达电器官方旗舰店
1099.00,荣耀平板7学校pad 4G+64/128GWiFi版10.1英寸电脑莱茵低蓝光护眼学习模式双扬声器全高清屏苏宁旗舰店775,https://detail.tmall.com/item.htm?id=668868030241&ns=1&abbucket=13,200+人付款,苏宁易购官方旗舰店
5099.00,【24期免息 M1新品】Apple/苹果iPad Air 5代10.9英寸2022款学生学习电脑教育网课游戏优惠办公绘图设计4,https://detail.tmall.com/item.htm?id=670759250277&ns=1&abbucket=13,35人付款,onezero美承数码旗舰店
3999.00,24期免息送豪礼当天发货Apple苹果 10.9英寸iPad Air4电脑商务办公ipad Pencil 全新正品2020新款学生,https://detail.tmall.com/item.htm?id=639775100934&ns=1&abbucket=13,32人付款,久汇数码专营店
2529.00,【多仓当天发】Apple/苹果iPad9代2021新款10.2英寸电脑学生网课教育绘画二合一游戏娱乐官方旗舰正品,https://detail.tmall.com/item.htm?id=672672816731&ns=1&abbucket=13,200+人付款,宏音伟业数码专营
2599.00,【24期免息】HUAWEI/华为平板电脑MatePad 11平板电脑二合一10.95英寸2021新款pad全网通话pro学生办公,https://detail.tmall.com/item.htm?id=669581259161&ns=1&abbucket=13,40人付款,能良数码官方旗舰店
3499.00,2022年新款Apple/苹果 iPad Air 5 10.9英寸M1平板电脑国行正品5G,https://item.taobao.com/item.htm?id=670127166795&ns=1&abbucket=13#detail,84人付款,hdjkgll
518.00,【官方旗舰正品】5G平板电脑Pad Pro三星全面屏2022新款游戏办公全网通商务二合一轻薄考研正品pad学习机,https://detail.tmall.com/item.htm?id=677351587813&ns=1&abbucket=13,500+人付款,欧狐旗舰店
1249.00,【咨询立减】新款荣耀平板7 10.1英寸插卡护眼安卓商务T7儿童小学生专用网课学习机游戏v6办公电脑官方正品,https://detail.tmall.com/item.htm?id=640687525565&ns=1&abbucket=13,200+人付款,荣耀港讯专卖店
688.00,[官方正品]全面屏平板电脑2022新款安卓超清护眼二合一全网通手机学生游戏办公学习机考研网课5Gipad pro,https://detail.tmall.com/item.htm?id=675711256521&ns=1&abbucket=13,500+人付款,guncaku旗舰店
2219.00,秒发vivo Pad首款平板电脑智能学生网课办公绘画游戏护眼正品pad,https://item.taobao.com/item.htm?id=672143153037&ns=1&abbucket=13#detail,100+人付款,weiyi811000
6549.00,【24期免息】Apple/苹果iPad Pro11英寸2021新款苹果电脑全面屏M1芯片支持妙控键盘大屏办公ipadpro,https://detail.tmall.com/item.htm?id=587790745490&ns=1&abbucket=13,54人付款,宏音伟业数码专营
838.00,2022新款平板电脑官方正品安卓二合一学生学习办公游戏专用爱派,https://item.taobao.com/item.htm?id=675676270493&ns=1&abbucket=13#detail,300+人付款,曲终梦回01
1699.00,Huawei/华为平板MatePad 10.4智能电脑麒麟版大学生学习游戏办公,https://detail.tmall.com/item.htm?id=619023679843&ns=1&abbucket=13,100+人付款,天猫超市
3299.00,Apple/苹果iPad Pro10.5寸11寸12.9平板电脑2018全面屏2020Air4,https://item.taobao.com/item.htm?id=641704733481&ns=1&abbucket=13#detail,100+人付款,四际数码digital
3180.00,Apple/苹果 iPadmini6(第六代) iPadmini6 2021新款电脑ipad9,https://item.taobao.com/item.htm?id=667308236634&ns=1&abbucket=13#detail,100+人付款,liubingtuan
2599.00,荣耀平板电脑V7 Pro 新款办公学习绘画游戏护眼pad全面屏手机协同,https://detail.tmall.com/item.htm?id=653440283045&ns=1&abbucket=13,89人付款,荣耀官方旗舰店
2999.00,苹果/Apple iPad 9代2021款10.2英寸平板电脑WLAN版中国移动官旗/奇立配件,https://detail.tmall.com/item.htm?id=668761695829&ns=1&abbucket=13,64人付款,中国移动官方旗舰店
1999.00,【咨询更优惠】华为M6平板电脑8.4英寸学生网课游戏智能通话M5青春超薄官方旗舰,https://detail.tmall.com/item.htm?id=669505556358&ns=1&abbucket=13,100+人付款,中科智胜数码专营店
4788.00,微软Surface Pro8/7+平板笔记本电脑二合一触屏轻薄本可升级硬盘,https://item.taobao.com/item.htm?id=635780432640&ns=1&abbucket=13#detail,55人付款,粉粉小小珠
1738.00,现货急速发MIUI/小米 平板5 Pro骁龙870平板电脑120Hz高刷屏,https://item.taobao.com/item.htm?id=657545721399&ns=1&abbucket=13#detail,100+人付款,黄灿铎
2799.00,Lenovo/联想平板小新Pad Pro 2021款 骁龙870 6G 128G 11.5英寸,https://item.taobao.com/item.htm?id=668419370024&ns=1&abbucket=13#detail,100+人付款,ysc_19900512
4350.00,Apple/苹果二手iPadPro2021款11寸12.9寸2020原装电脑5代Pro3,https://item.taobao.com/item.htm?id=646762085733&ns=1&abbucket=13#detail,47人付款,二宝贝商城
2158.00,Apple/苹果 iPad mini (第六代) 无线局域网机型mini5/6电脑,https://item.taobao.com/item.htm?id=665052739072&ns=1&abbucket=13#detail,70人付款,海亿实业
998.00,【领劵立减】联想平板小新Pad Pro 2021 11.5英寸高通骁龙870WIFI 2.5k OLED屏影音娱乐办公学习游戏电脑,https://detail.tmall.com/item.htm?id=646595555695&ns=1&abbucket=13,100+人付款,联想艾克兰斯专卖店
1399.00,Huawei/华为 平板电脑M5青春版8英寸语音声控学生办公娱乐安卓手机二合一可通话pad官方正品2019新款,https://detail.tmall.com/item.htm?id=590994064436&ns=1&abbucket=13,100+人付款,华为华亲专卖店
3288.00,Apple/苹果2021新款iPad Pro11英寸12.9平板电脑2020/2018 Air5/4,https://click.simba.taobao.com/cc_im?p=%C6%BD%B0%E5&s=1683612468&k=749&e=zzX2Td0rrHERk46ExGm%2By0pKdrTqQfe6FA%2FiPN1HeR3UBKJ6W4dw%2F3rrOYRigiS4SdQjGzrwQUEdnnjI1BvK9kFiQrhQtNkJwJecaQxQRqtSHm5MITxFvi32J5q7ZkQKD8ROCpx%2FkLyyDFVpLXZDpfQtlXcTqfbVQwuCVuG4UL6aNTt3J1sVxNDeImqfCCetIUUBPvA%2Ba4HXPSKO9EenULi4RrQgpF8xv3reTuZ%2BzM8SXIdWXISOWJfYjiarK0Hl0pgj5Rz2mC216mDNyamryrCFIT8ne2Dvtl%2BORCU5UClgMtvLJ6LlMCpW5M71jcbDwQSCPwOI5C%2FpedEZYcQFWureXA8tkfseA%2FJMgTIA%2F8kpGcyrYpxNAVDPmNErTP7YvZwpAr2yIZ8EFt9S3GpUW0NQs1P3xkhfFEGUWfII4jHOsE76VfOQoWWxn74gNb%2FPKT99Okd8HoUO%2BAqmjAEZnDmtxXP1DilLEVmxHDrUXVwHav35YYY6W%2FFidStLNK2ZpnXAqBk6q6mcv6Rz7UFloQXh64QOuG3YKJaZ9jM9QXoyIXb7xvB20lDVvfZzslZmdaQ8gb6gm2npQ93a7QKqif2VDVYKYApvj2jaNLsP66bLd0b2WSuOqowuW0Ven6oqLAfgMlryZkNR31D%2Bf36MFL8DSyU4lk8ksl3RflPA2m%2FdV05TDBojXUKrFR9rSA22BBuWbdh%2BwYck%2FJCIUs5XAlJ62jaQAwj2Q%2BFQIiCgv%2BQ%3D#detail,100+人付款,马美凯
1590.00,【2022新品速发官方正品】超清视网膜全面屏平板电脑二合一全网通5G上网课考研办公学生学习吃鸡游戏专用快充,https://click.simba.taobao.com/cc_im?p=%C6%BD%B0%E5&s=1683612468&k=705&e=iTTo1nXDt3MRk46ExGm%2By0pKdrTqQfe6FA%2FiPN1HeR3UBKJ6W4dw%2F3rrOYRigiS4yH2BeMjuzrJLQwtk4J4jPSn7k%2Bxe2kE5wJecaQxQRqtSHm5MITxFvi32J5q7ZkQKD8ROCpx%2FkLyyDFVpLXZDpfQtlXcTqfbVQwuCVuG4UL6aNTt3J1sVxNDeImqfCCetIUUBPvA%2Ba4HXPSKO9EenULi4RrQgpF8xv3reTuZ%2BzM8SXIdWXISOWD5kBCpXk4tKzqNlLnIuxjMiOZ7Vsv3fNX%2BM73qc1UtqPz4IF5MDd0%2BzIUNe8dovDLYoB8dERSUVnaocreJ094irnyMU9rvXV6MJmRnIx20qSe0fpTkpWp7e5eiKz8eUWFd3z2I7YR5tPN9ZfBkSKRpuK6CE0bUaoPlWYRZ4BSQo0InOCivMaPs9stn3Cd1vJrR8in%2BCRRJZHljSsYSKxYHmCJmE6RFbYVlGCW1jZo0ffHTbqiE2AtsuYG0sB6na0LxVv%2BAhQmNSd4%2B3OKv6NzwrQmcikD8LxUS4ezFGkH6xt%2BNSV6Hb4M0CwqeybY%2BdPk67bxv6cX9C26obhqukpRy%2FdZuNUnijucBsojuP1E7JayG33pXd7k4%2BRWlS5%2BKciGAFZ8JHIIXDpZa4t%2FLuMzVCqxUfa0gNtgQblm3YfsGHJPyQiFLOVwJSeto2kAMI9kPhUCIgoL%2Fk,10人付款,骏勇办公专营店
2288.00,Apple/苹果 10.2 英寸 iPad (第九代) 2021新款iPad9代电脑,https://click.simba.taobao.com/cc_im?p=%C6%BD%B0%E5&s=1683612468&k=749&e=uyuiWrx0bBgRk46ExGm%2By0pKdrTqQfe6FA%2FiPN1HeR3UBKJ6W4dw%2F3rrOYRigiS4SdQjGzrwQUEnla9BumOnNuFw5FjmL1oTwJecaQxQRqtSHm5MITxFvi32J5q7ZkQKD8ROCpx%2FkLyyDFVpLXZDpfQtlXcTqfbVQwuCVuG4UL6aNTt3J1sVxNDeImqfCCetIUUBPvA%2Ba4HXPSKO9EenULi4RrQgpF8xv3reTuZ%2BzM8SXIdWXISOWKMatTaEztmgET%2FbCmk5Ilzi%2FQj6bEcf7bFHxj7LFiE%2Fz7sfZ5RH8SRI52LA5GSy7FnH2ajfXqc6lUHdpnAuSOfpedEZYcQFWureXA8tkfseA%2FJMgTIA%2F8kpGcyrYpxNAVDPmNErTP7YFnLPyBJ3JZzQLF%2FnF9srvENQs1P3xkhfFEGUWfII4jFcVveWr8qS0SVU1Ms57u7mNkiAoRhDptMoq89VBdkZlApElm%2BnI28BOv2Ob8xIYowJ2D7EXspQNABhyO%2BXz0%2BDFzssfgP0APevFUbSuY6XmlIkRzoXEBlv3gt2w6yrNEbc%2BYqH8tYXi3wTTwPLe8xPqfQOof%2BDf2hBOrHS2JVejLuveNCOQTbJTA9PwLfRCOmxjEso6RpgFYfprp9%2BCS%2BmBh%2FIwuGU64vvnIvbn74n8E7HHHl2qjnI23aJUtjuAgiXW%2Fvu%2BWr%2F5SNQFyb3MHaqSGaAZgIOwUCLKprBqd%2Bmn4ftQT3Yo3NgOvyNosCtQDw%3D#detail,2000+人付款,tb25084109
1019.00,Apple/苹果2021ipadair4 air3/5 平板电脑9代10.2英寸ipadmini6/5,https://item.taobao.com/item.htm?id=674104332562&ns=1&abbucket=13#detail,100+人付款,jezhu
509.00,2019款苹果iPad Air2 3二手平板电脑10.5Pro9.7寸10.2 2018 mini4,https://item.taobao.com/item.htm?id=657954490446&ns=1&abbucket=13#detail,200+人付款,悠然科技数码
2399.00,【 多仓发货 国行正品】Apple/苹果iPad 10.2英寸9代电脑2021款学生网课学习绘画教育iPad 9 5G蜂窝网络,https://detail.tmall.com/item.htm?id=660206411262&ns=1&abbucket=13,200+人付款,瑞松锦泰数码专营店
1199.00,【新品现货】Lenovo/联想小新pad 2022款学生网课平板电脑娱乐办公128G低蓝光护眼2K全面屏小新ipad官方正品,https://detail.tmall.com/item.htm?id=675369198700&ns=1&abbucket=13,200+人付款,联想艾克兰斯专卖店
1999.00,【赠1年延保】Xiaomi/小米平板5 6G+128G wifi晓龙影音娱乐办公电脑Pad,https://detail.tmall.com/item.htm?id=672954800853&ns=1&abbucket=13,100+人付款,喵速达电器官方旗舰店
1200.00,Apple/苹果 iPad pro12.9平板电脑2017/19款 2018 10.5寸11寸2020,https://item.taobao.com/item.htm?id=643433400434&ns=1&abbucket=13#detail,100+人付款,sdzzboy1
615.00,【官方旗舰店】5G平板电脑Pad Pro 2022新款游戏办公学习手机二合一网课绘画送华为荣耀oppo小米vivo联想耳机,https://detail.tmall.com/item.htm?id=670498181664&ns=1&abbucket=13,400+人付款,娜萨旗舰店
1899.00,【咨询送礼】华为平板MatePad平板电脑10.4英寸2021新款鸿蒙教育11学习全面屏全网通Huawei手机ipad二合一Pro,https://detail.tmall.com/item.htm?id=617111511833&ns=1&abbucket=13,100+人付款,华为华亲专卖店
4650.00,Apple/苹果 iPad Pro 11寸12.9寸原封2021新款20款M1美版电脑,https://item.taobao.com/item.htm?id=527151599265&ns=1&abbucket=13#detail,81人付款,hanyiguodu_
8788.00,【24期免息】微软Surface Pro 8 i5 8G/16G 256G/512G 11代酷睿 Win11轻薄商务学生笔记本电脑二合一Pro8,https://detail.tmall.com/item.htm?id=656941387071&ns=1&abbucket=13,61人付款,微软升捷专卖店
4698.00,【香港直邮包关税】Apple/苹果 iPad Air 10.9英寸电脑 iPad Air4 美版,https://detail.tmall.com/item.htm?id=655305287316&ns=1&abbucket=13,84人付款,topcool海外专营店
1999.00,顺丰速发送碎屏宝 Xiaomi/小米平板5 Pro新款正品5G学习办公娱乐11英寸游戏护眼吃鸡ipad电脑官方旗舰店6,https://detail.tmall.com/item.htm?id=652530581996&ns=1&abbucket=13,69人付款,机御旗舰店
2199.00,Huawei/华为平板MatePad 10.4英寸悦动版电脑办公大学生学习专用,https://detail.tmall.com/item.htm?id=669991036855&ns=1&abbucket=13,92人付款,天猫超市
3888.00,原封2022款Apple/苹果iPad Air5 代平板电脑10.9英寸 Air5 正品M1,https://item.taobao.com/item.htm?id=670716739296&ns=1&abbucket=13#detail,58人付款,tb20242712
509.00,2019款苹果iPad Air2 3二手平板电脑10.5Pro9.7寸10.2寸2018mini4,https://item.taobao.com/item.htm?id=665361421121&ns=1&abbucket=13#detail,200+人付款,淘淘网购零距离
758.00,全新正品V8平板电脑13寸全网通5GWIFI上网课学习办公游戏绘画十核,https://item.taobao.com/item.htm?id=670190774198&ns=1&abbucket=13#detail,300+人付款,tq数码通讯
3721.00,【顺丰包邮】Apple/苹果 10.2 英寸 iPad (第九代) 平板电脑绘画游戏考研办公学习专用女生2021版新款 iPad 9,https://detail.tmall.com/item.htm?id=655372997790&ns=1&abbucket=13,100+人付款,彪客数码旗舰店
3349.00,【618狂欢继续】Samsung/三星GalaxyTab S7 fe T733 T735C电脑12.4英寸全面屏安卓iPad学习大屏游戏办公,https://detail.tmall.com/item.htm?id=649981887656&ns=1&abbucket=13,94人付款,三星威戈专卖店
1468.00,Huawei/华为 华为MatePad10.4英寸2022款平板电脑鸿蒙系统悦动版,https://item.taobao.com/item.htm?id=670322965277&ns=1&abbucket=13#detail,100+人付款,苏苏通讯
2299.00,2021新款Apple/苹果 iPad mini6 8.3寸平板电脑 10.2寸iPad 9国行,https://item.taobao.com/item.htm?id=547791389821&ns=1&abbucket=13#detail,100+人付款,hdjkgll
2389.00,【领券下单】Apple/苹果 iPad 9（第九代）10.2英寸苹果ipad电脑2021款学生习教育网课优惠官网方ipad9,https://detail.tmall.com/item.htm?id=676745037453&ns=1&abbucket=13,400+人付款,民讯通数码专营店
3439.00,【领券下单】Apple/苹果 iPad mini6 2021新款8.3英寸第六代电脑官网中大学生习游戏旗舰店,https://detail.tmall.com/item.htm?id=676302483140&ns=1&abbucket=13,300+人付款,民讯通数码专营店
3259.00,2021款Apple/苹果 iPad mini 6代 8.3寸迷你6 平板电脑 ipadmini6,https://item.taobao.com/item.htm?id=655923665173&ns=1&abbucket=13#detail,85人付款,李小麦的店
5799.00,24期免息【2022新款M1芯片】Apple/苹果 10.9英寸iPad Air5电脑 64G/256G 无线网打游戏上网课国行正品,https://detail.tmall.com/item.htm?id=671233886107&ns=1&abbucket=13,5人付款,乐自由数码专营店
4099.00,【分期免息/官方正品】Apple/苹果2022款iPad Air 5 wifi版10.9英寸苹果学生学习画画官方正品旗舰店,https://detail.tmall.com/item.htm?id=677183571494&ns=1&abbucket=13,400+人付款,bihee旗舰店
2998.00,【顺丰配送】小天才儿童平板护眼11英寸大屏早教机新款护眼电脑pad学习婴幼儿启蒙通用wifi官方正品,https://detail.tmall.com/item.htm?id=635059713560&ns=1&abbucket=13,51人付款,小天才旗舰店
999.00,【新品上市】Lenovo/联想平板电脑小新Pad 2022 11英寸网课考研娱乐游戏办公苏宁易购官方旗舰店官网【559】,https://detail.tmall.com/item.htm?id=641603707001&ns=1&abbucket=13,300+人付款,苏宁易购官方旗舰店
2178.00,【24期免息】MIUI/小米平板5 新品官方旗舰店正品骁龙860学习办公娱乐ipad高清120Hz电脑5[2063],https://detail.tmall.com/item.htm?id=675010245298&ns=1&abbucket=13,79人付款,苏宁易购官方旗舰店
3599.00,【24期免息】华为MatePad Pro10.8英寸平板电脑全面屏2021款鸿蒙官方旗舰ipad办公游戏二合一学习网课Air电脑,https://detail.tmall.com/item.htm?id=646623594513&ns=1&abbucket=13,70人付款,宏音伟业数码专营
3288.00,2021新款/苹果Apple/苹果10.9英寸iPad air4/5mini6平板电脑,https://item.taobao.com/item.htm?id=668469629315&ns=1&abbucket=13#detail,94人付款,快乐小阳
1699.00,【爆款平板】联想天骄平板11英寸 学生平板电脑 莱茵低蓝光护眼学习 6G+128G 含保护夹和反射镜,https://detail.tmall.com/item.htm?id=662321031682&ns=1&abbucket=13,100+人付款,联想官方旗舰店
2399.00,【官方正品】Apple/苹果iPad9代平板电脑10.2英寸2021新款绘画游戏考研学习教育全新国行官网方正品旗舰店,https://detail.tmall.com/item.htm?id=655366141391&ns=1&abbucket=13,200+人付款,响誉数码旗舰店
1280.00,Samsung/三星SM-T970 GalaxyTab S7+ 平板电脑12.4寸安卓办公游戏,https://item.taobao.com/item.htm?id=632084411513&ns=1&abbucket=13#detail,100+人付款,彩虹之界
4398.00,Apple/苹果 iPad Pro 11 英寸平板电脑12.9寸2020/2021/新款10.5,https://item.taobao.com/item.htm?id=672227900550&ns=1&abbucket=13#detail,67人付款,夏夜之梦77
1499.00,Huawei/华为畅享平板 2 高清大屏10.1英寸影音娱乐平板电脑学生教育学习专用正品wifi,https://detail.tmall.com/item.htm?id=622919908201&ns=1&abbucket=13,200+人付款,华为官方旗舰店
2549.00,联想拯救者Y700电竞游戏平板电脑8.8寸骁龙870 2.5K屏120HZ,https://item.taobao.com/item.htm?id=669288197991&ns=1&abbucket=13#detail,92人付款,数码精品屋_2009
5298.00,2021款原封Apple/苹果 11 英寸 iPad Pro 5G iPadpro12.9电脑,https://item.taobao.com/item.htm?id=643941034811&ns=1&abbucket=13#detail,45人付款,tb20242712
818.00,【12英寸4K屏】2022年新款平板电脑官方正品全网通5G全面屏大学生办公学习网课专用pad吃鸡游戏二合一,https://detail.tmall.com/item.htm?id=672552414678&ns=1&abbucket=13,500+人付款,速系旗舰店
1088.00,【12期免息】官方正品2022新款平板电脑Pad Pro高清全面屏二合一5G全网通手机游戏网课学生专用护眼学习机,https://detail.tmall.com/item.htm?id=674289222247&ns=1&abbucket=13,300+人付款,腾森天汇数码专营店
3449.00,【24期免息 立减200】华为MatePad Pro 10.8英寸平板电脑二合一2021新款ipad安卓官方正品全面屏11鸿蒙,https://detail.tmall.com/item.htm?id=669863736992&ns=1&abbucket=13,35人付款,能良数码官方旗舰店
3988.00,Apple/苹果 11 英寸 iPad Pro2021新款5G平板电脑12.9英寸iPadPro,https://item.taobao.com/item.htm?id=42278365291&ns=1&abbucket=13#detail,68人付款,糊涂在线
3288.00,Apple/苹果2021新款iPad Pro11英寸12.9平板电脑2020/2018 Air5/4,https://click.simba.taobao.com/cc_im?p=%C6%BD%B0%E5&s=1592685309&k=749&e=mJkAsZtCX25YCnhRPDMj3zGBgoEl7HfzYt4FkUHX59gBMbbHIqJgLaUl9Cx9M8GDDHtW6%2F7VhCHo2ZZSq9Xa%2FKOKa9tTLv5JFkNT0Bs3a91h%2FS58wGKqNGPUPf4lDi20ORcNjPSYKPLR4HDBufywYn693c4phghQGmlAXEozZMrbHiGkI3wFrgUsl2owhV%2FEV8OF3Jb6gzhFbvDSL86%2FmgssyxaZX7s8Z%2F8mRSe8oJFV%2BSAKk6ydGEXbhGP6yHkjYaPtrI0lJI2hD45lBucRTh1t5w%2BTDoDHxYlOWKOMJCTiXJ3cahlNBwQYlLNAhudNWH9K3xlpQu0kIlFHNzI7znvfBjPpDYT1X1VlGqRIbS%2Fp33zGCspE%2F%2FLmQUF5u2mhVVIsRd%2BNOLcA5LiC%2FKY2VMDlhGPpIkXfBsBcbcoRhj%2B4thJKHx%2Fr9LqnmBCFsRWuvhjEjRVeywC1oGf7%2F7ZuA04BPrZ12ps3Lt%2B12NX03Zdi14jHGmeTOKb20cReynVwJ5YNsQ9cT2K3kpljiK5Swu2Wt8mOq6OrYQLfeFW6d7NbHT%2BD7lRIwJTDVijpSRh8Fppf2ec3tLvZlr1t8rrRsk94vLRQ2g%2Bws1IEkHJhFDfcxveWH2gUyrT4Xa%2F7GVofD%2BeII10ZPH0Ngd5QW6fH0tmj8nWTIlYVs2PU4thWB97TlJkQZHFRDd3Mf9U5ZT%2BhlaC769xrVczj3nzQ7FptmP5U6yj3FzZUS%2FIoBw1LOxU%3D#detail,100+人付款,马美凯
2288.00,Apple/苹果 10.2 英寸 iPad (第九代) 2021新款iPad9代电脑,https://click.simba.taobao.com/cc_im?p=%C6%BD%B0%E5&s=1592685309&k=749&e=KIPQbx%2FClgtYCnhRPDMj3zGBgoEl7HfzYt4FkUHX59gBMbbHIqJgLaUl9Cx9M8GDDHtW6%2F7VhCGRu06TwWSDAyK5QrOV%2FphmFkNT0Bs3a91h%2FS58wGKqNGPUPf4lDi20ORcNjPSYKPLR4HDBufywYn693c4phghQGmlAXEozZMrbHiGkI3wFrgUsl2owhV%2FEV8OF3Jb6gzhFbvDSL86%2FmgssyxaZX7s8Z%2F8mRSe8oJFV%2BSAKk6ydGLK3hfdHMvoLtdNBz6eaiby37yxRmxpVR%2FN4ZMhfBUpXFWDoOOhLyOrKp78vw1%2FpV02%2FdPJp%2FnFWiixYnSiYGLYkIlFHNzI7znvfBjPpDYT1X1VlGqRIbS%2Fp33zGCspE%2F%2FLmQUF5u2mhYIQJz2MnFXzu0tE%2FivtOrsDlhGPpIkXfBsBcbcoRhj8NUzEq%2Bi4ZMBzqIFprE7PEDjzDh1GzjSVcbdrUSfiz34vYCYMEgbz3cn4T2niFQiPrR4c7TWuuqnjwngQY2L3Irb5dW0ZOqrMck67SrcuBXwb9YUhyMtSORWhHUn0QuC9pkp6C06zMrEBIOXFfmnVpnWgN8tDqe4sIngr3iJWj2mc7cD%2FJdYd17OM4WGupTTrLWXJVcDhM1QYSXm6Yqj%2BT6pPx7JYjdfcjIHNy6G65tzjvE9MqzXJPWCLBArR1jp55tNItFDLpfKuneYBpnvqpU%2F7gw7SeAy2e2mtea2Na2mRSYoWyVRYg6h2415LIMz4%3D#detail,2000+人付款,tb25084109
1590.00,【2022新品速发官方正品】超清视网膜全面屏平板电脑二合一全网通5G上网课考研办公学生学习吃鸡游戏专用快充,https://click.simba.taobao.com/cc_im?p=%C6%BD%B0%E5&s=1592685309&k=705&e=tyLO1hADgTJYCnhRPDMj3zGBgoEl7HfzYt4FkUHX59gBMbbHIqJgLaUl9Cx9M8GD7a%2FLFR9ipcLoY29yNbm1MY35opEx38kiFkNT0Bs3a91h%2FS58wGKqNGPUPf4lDi20ORcNjPSYKPLR4HDBufywYn693c4phghQGmlAXEozZMrbHiGkI3wFrgUsl2owhV%2FEV8OF3Jb6gzhFbvDSL86%2FmgssyxaZX7s8Z%2F8mRSe8oJFV%2BSAKk6ydGCqiliWg6o387fE4o85wcCA3I%2B4M1zOPQO3WJbV2BsmlBQL8Tgq3g%2BGsZ2IIPDD526Nf9iOmbj%2F8AHd2VnD6ZqXbudo8SwEzzn9PQt1SJevZURuiyP2ZLrQd0eoaJ5R69yTHsN8laMuRLzxyo8IzozIwiB%2Bvz36Oh5b0fTSfoQgfPmPkdro72mBgk8wcnpClAPvqsSfzNuAzKwkGIR%2Fp1XsQdSJO53WkKJ3cVPEtCO%2Bp2PLljBChSvCoHeheYD2kSerwIIya3NAjayzRBmMswmP3HY9IGjFKcKO03LXsdU8E%2FadcJctjtC2MgTC%2BdfstipyYidnY6Ac%2BqzzHcZ2cEbnlXm%2F56YfLgZqpAY5NM59N0o%2BMOYd%2BE%2FmFahjwAAnr2hiIkrML8eotu6I8kLBGr%2FndzH%2FVOWU%2FoZWgu%2Bvca1XM49580OxabZj%2BVOso9xc2VEvyKAcNSzsV,10人付款,骏勇办公专营店
218.00,5G平板电脑ipad pro二合一手机游戏画画学生专用全网通安卓学习机,https://item.taobao.com/item.htm?id=677682075720&ns=1&abbucket=13#detail,1000+人付款,财气智能科技
2699.00,24期免息送豪礼当天发货Apple苹果2021新款iPad 9苹果电脑10.2英寸第九代A1364G官方授权旗舰店原封ipad8,https://detail.tmall.com/item.htm?id=656056381254&ns=1&abbucket=13,40人付款,久汇数码专营店
2199.00,Apple/苹果 iPad 2021新款 平板电脑10.9英寸 Air4 Air5 mini6,https://item.taobao.com/item.htm?id=639028638486&ns=1&abbucket=13#detail,100+人付款,天河诚品
1299.00,【新品首发 6期免息】OPPO Pad Air平板电脑家用办公商用绘画学习游戏一体机新品pad骁龙旗舰处理器官方正品,https://detail.tmall.com/item.htm?id=675434022580&ns=1&abbucket=13,100+人付款,宏百纳数码专营店
1968.00,Apple/苹果 iPad mini5 7.9英寸平板电脑 迷你10.5air3支持pencil,https://item.taobao.com/item.htm?id=635610899397&ns=1&abbucket=13#detail,100+人付款,kqs123456a
858.00,2022新款官方正品中华至尊平板5G游戏吃鸡王者V8学生上网课V10PRO,https://item.taobao.com/item.htm?id=675485739431&ns=1&abbucket=13#detail,300+人付款,穿着拖鞋去蹦迪5188
2499.00,【领券省230】华为平板Matepad 11 10.95英寸学习游戏办公绘画网课旗舰2021新款鸿蒙电脑二合一学生ipad,https://detail.tmall.com/item.htm?id=650555751985&ns=1&abbucket=13,100+人付款,华为千百回专卖店
3199.00,荣耀平板V7 Pro 5G全网通版娱乐办公电脑游戏护眼pad全面屏手机协,https://detail.tmall.com/item.htm?id=657547281119&ns=1&abbucket=13,43人付款,荣耀官方旗舰店
1199.00,华为平板Matepad SE 10.1英寸大屏2022新款鸿蒙系统学生电脑,https://item.taobao.com/item.htm?id=621342989513&ns=1&abbucket=13#detail,200+人付款,晶晶的网上店
4799.00,【12期免息 M1芯片】Apple/苹果iPad Air 5代平板电脑2022新款学生学习游戏画画办公官网方旗舰店教育优惠4,https://detail.tmall.com/item.htm?id=631241639795&ns=1&abbucket=13,44人付款,onezero美承数码旗舰店
1858.00,微软surface Go3 平板电脑二合一笔记本电脑办公便携学生GO2win10,https://item.taobao.com/item.htm?id=578147937286&ns=1&abbucket=13#detail,57人付款,p饕餮l
2199.00,24期免息选送钢化膜+保护壳 Xiaomi/小米平板5 5G学习办公追剧网课游戏官方全新旗舰正品店小米5Pro电脑,https://detail.tmall.com/item.htm?id=652187365145&ns=1&abbucket=13,69人付款,魅立数码专营店
4499.00,【24期免息】华为平板Matepad Pro12.6英寸2021新款鸿蒙全网通5G官方旗舰ipad学生网课办公游戏二合一pro电脑,https://detail.tmall.com/item.htm?id=648472638033&ns=1&abbucket=13,38人付款,宏音伟业数码专营
4199.00,【2022款 M1芯片】 Apple/苹果10.9英寸 iPad Air 5 设计电脑游戏考研办公学生学习专用2022版新款,https://detail.tmall.com/item.htm?id=669845653956&ns=1&abbucket=13,76人付款,响誉数码旗舰店
2999.00,新品华为MatePad Paper 墨水屏平板电子书电纸书10.3英寸官方正品,https://detail.tmall.com/item.htm?id=671374854339&ns=1&abbucket=13,26人付款,天猫超市
2499.00,vivo Pad首款平板电脑8G大内存学生网课学习办公绘画护眼vivo手机官方旗舰 官网正品pad,https://detail.tmall.com/item.htm?id=674690798721&ns=1&abbucket=13,70人付款,中国联通官方旗舰店
2299.00,OPPO Pad 2022新款平板电脑网课学习办公绘画游戏商务oppopad,https://detail.tmall.com/item.htm?id=674025294568&ns=1&abbucket=13,54人付款,天猫超市
4399.00,Samsung/三星 SM-X700N Galaxy TAB S8平板电脑原装大屏智能游戏,https://item.taobao.com/item.htm?id=668932534185&ns=1&abbucket=13#detail,52人付款,无与伦比_2008
1473.12,MIUI/小米 小米平板5 Pro5G学习办公平板电脑,https://item.taobao.com/item.htm?id=656032015363&ns=1&abbucket=13#detail,100+人付款,新区百丰汇贸易商城
1450.00,Apple/苹果 10.2 英寸 iPad2020/2021/2019/2018新款电脑air2,https://item.taobao.com/item.htm?id=655994304611&ns=1&abbucket=13#detail,100+人付款,刚贞爱贝
6099.00,2021新款 Apple/苹果11英寸iPad Pro M1芯片智能平板电脑无线wifi面容识别Face ID设计办公商务教育手持,https://detail.tmall.com/item.htm?id=644255758008&ns=1&abbucket=13,100+人付款,云杏旗舰店
4599.00,Apple/苹果2021新款iPadPro11/12.9寸双摄全面屏电脑air4M15G,https://item.taobao.com/item.htm?id=614389263426&ns=1&abbucket=13#detail,55人付款,戴尔数码港2009
2318.00,2021新款A15芯片Apple/苹果 iPad mini6 平板电脑8.3寸mini第六代,https://item.taobao.com/item.htm?id=655509365998&ns=1&abbucket=13#detail,36人付款,e酷手机网
4358.00,【24期免息】微软Surface Go 3 i3 8GB 128GB电脑二合一 win11系统学生家用办公网课轻薄SurfaceGo3,https://detail.tmall.com/item.htm?id=656577486301&ns=1&abbucket=13,51人付款,微软乐映专卖店
918.00,新款平板电脑骁龙855上网课游戏娱乐办公13寸全网通5GWFi手机,https://item.taobao.com/item.htm?id=676100122122&ns=1&abbucket=13#detail,300+人付款,劲伦贸易
839.00,荣耀平板5高清大屏8英寸网课超薄考研娱乐学生平板电脑荣耀V6,https://item.taobao.com/item.htm?id=660198108789&ns=1&abbucket=13#detail,100+人付款,晶晶的网上店
1899.00,【热销爆品】Xiaomi/小米平板5骁龙学生学习绘画商务办公游戏娱乐高清护眼认证专用电脑小米官方旗舰店,https://detail.tmall.com/item.htm?id=676730569139&ns=1&abbucket=13,400+人付款,亿品汇数码专营
1200.00,Apple/苹果 iPad 2018款20172019 2020款9.7寸10.2平板电脑第八代,https://item.taobao.com/item.htm?id=646358340972&ns=1&abbucket=13#detail,100+人付款,sdzzboy1
1098.00,【咨询立减顺丰速发】联想小新pad plus二合一平板 莱茵护眼2K高清屏11/11.5英寸学生网课影音电脑,https://detail.tmall.com/item.htm?id=629892045780&ns=1&abbucket=13,300+人付款,联想千百回专卖店
2499.00,华为平板matepad 11平板电脑2021新款鸿蒙10.95英寸大学生专用考研吃鸡10.8pro正品华为ipad,https://detail.tmall.com/item.htm?id=651077291553&ns=1&abbucket=13,72人付款,上海致诚数码专营店
2599.00,vivo Pad首款平板电脑智能2022学生网课学习办公绘画游戏护眼vivo官方旗舰店官网官方正品vivo手机一碰互传,https://detail.tmall.com/item.htm?id=671229393109&ns=1&abbucket=13,41人付款,三际数码官方旗舰店
3988.00,【分期免息】Microsoft/微软 Surface Go 3 6500Y 8GB 128GB 10.5英寸电脑二合一学生win11系统,https://detail.tmall.com/item.htm?id=655710076316&ns=1&abbucket=13,76人付款,微软中国官方旗舰店
2870.00,Apple/苹果 2021新款 iPad Pro 12.9寸ipad pro2020/2018电脑,https://item.taobao.com/item.htm?id=666049180128&ns=1&abbucket=13#detail,36人付款,jezhu
4199.00,【12期免息 国行正品】Apple/苹果 iPad mini 6 8.3 英寸 2021 款蜂窝版本电脑迷你第六代学生教育游戏,https://detail.tmall.com/item.htm?id=662563965385&ns=1&abbucket=13,21人付款,润森数码旗舰店
1298.00,【官方正品】5G全面屏可插卡平板电脑高清护眼三星屏ipad 2022新款全网通手机二合一游戏办公学生专用学习机,https://detail.tmall.com/item.htm?id=677328742372&ns=1&abbucket=13,200+人付款,韩众戴恩专卖店
2478.00,Lenovo/联想 小新平板拯救者Y700游戏平板骁龙870 8G+128现货可发,https://item.taobao.com/item.htm?id=669395953808&ns=1&abbucket=13#detail,76人付款,网购一号站
918.00,官方正品2022新款V10Pro平板电脑安卓二合一学生网课办公学习专用,https://item.taobao.com/item.htm?id=672235070072&ns=1&abbucket=13#detail,200+人付款,卡格尔数码科技
8788.00,【24期免息】微软Surface Pro 8 i5 8G/16G 256/512G笔记本电脑二合一雷电4商务便携120hz高刷触控屏Pro8,https://detail.tmall.com/item.htm?id=655679200656&ns=1&abbucket=13,46人付款,微软乐映专卖店
2499.00,MIUI/小米平板5 Pro 11英寸120Hz屏幕平板电脑游戏护眼吃鸡苏宁易购官方旗舰店[2063],https://detail.tmall.com/item.htm?id=674999210643&ns=1&abbucket=13,86人付款,苏宁易购官方旗舰店
2799.00,【官方正品】华为MatePad11 平板电脑新款120Hz高刷2K全面屏学习办公游戏二合一pad HarmonyOS鸿蒙苏宁旗舰店,https://detail.tmall.com/item.htm?id=649316992904&ns=1&abbucket=13,100+人付款,苏宁易购官方旗舰店
509.00,苹果iPad 2018/2019款二手平板电脑Air2/3mini4 10.5Pro学生网课,https://item.taobao.com/item.htm?id=655987453808&ns=1&abbucket=13#detail,200+人付款,淘淘网购零距离
3288.00,Apple/苹果2021新款iPad Pro11英寸12.9平板电脑2020/2018 Air5/4,https://click.simba.taobao.com/cc_im?p=%C6%BD%B0%E5&s=817914434&k=761&e=vorwKgBwml7et%2FBZna%2F98fK9HiV8c88KeWS%2FwmTIynazi3qUFfd5wMFONkhazKv3Du4YvbYelb8yjq6gvdEP%2ByYNyAnzbrSmeFAEy7%2FM9o3paYdW7wrGpdyIxsVPRKJDDQ916xhwYq73MqNPvtrqMkoTXkckQWODH1i56DVBOE49Z9pAmIJl7d1hEucv4RNdnv3IgNGsWxPEPNq%2Bn9jxYl%2FfB47clGkrt4F%2FxGvDk9PAZzRxvvu3kao%2F8k%2FDw7V5%2F5s2FAQzbZwqXIzl%2Fe7YxMaB3OEVzkHbUMpIjTk5VVrz%2FW4QSMpGUv6HiiQDfx%2B9Dy49tM%2BOm%2FR1GMQrKIsCh1YAK39q7Y1v6STsMuSW3Ek%2BKSeEuUknPL%2BvsUJoa0G4ygkBo3EynmDPC97obTLhlQzPtRNcPSmip30Xq9hmIA48mbwAHbq4HTRZj9PBj96lTzBWmmnfFW%2Fl%2BCyx%2F3zo8%2FQBegbGxUeGzND%2F5SKIwWa%2BwcdpJDaJajvC1wt0IPfSvb1W3LnuP1eSntd605%2Fkeva5A9ZbtmoT%2ByZZCTzM5jvIn2TVYpmOPNtWq1%2F8Ayz%2FcQWQIFr9VfQQFmHv5WBnvRh2n1QhNPv3%2F%2BK7X9%2BJ3fV91sBdWptNPmv%2B7vSokDmjXFerCgk1YUWUHN2y37%2Bb9P91FygmRuTHUe1dUEj6w9DOVJktLzT0Q6o3LMkgwcP%2F3KUgBuguitCAADfaHEoZboz0R%2FaCxvUDepvdKPZyYDbDgLBS8wFHjw%3D%3D#detail,100+人付款,马美凯
2288.00,Apple/苹果 10.2 英寸 iPad (第九代) 2021新款iPad9代电脑,https://click.simba.taobao.com/cc_im?p=%C6%BD%B0%E5&s=817914434&k=749&e=eTgMZRWjKqfet%2FBZna%2F98fK9HiV8c88KeWS%2FwmTIynazi3qUFfd5wMFONkhazKv3Du4YvbYelb9519RWeF8ikv6PcTQBAT51eFAEy7%2FM9o3paYdW7wrGpdyIxsVPRKJDDQ916xhwYq73MqNPvtrqMkoTXkckQWODH1i56DVBOE49Z9pAmIJl7d1hEucv4RNdnv3IgNGsWxPEPNq%2Bn9jxYl%2FfB47clGkrt4F%2FxGvDk9PAZzRxvvu3kerZ6OSzKzBOeOz0%2FmZFzP0DHx5f0UYKWHyPjmH3aNWQVWOeFRJmlxNPebmOW7I8e8zxUc%2FbVFvNpKaemizVSDR1GMQrKIsCh1YAK39q7Y1v6STsMuSW3Ek%2BKSeEuUknPL%2BvsUJoa0G4mCHvGcvBmIjyoJ2ZMatF5gzPtRNcPSmip30Xq9hmIA4LLpRebAaOQ%2BkIxJ4qwpaojlu7a6yUFQ0YevxzDOGb8zLp9U4CqVMEyqMxIErarTsM8FAvbtOjIsEnl5yCPRCoJAgVrF07b0gLfzSJqM9Q%2BH8fkxc0%2BdfpdoBMyk7egGcvhOafT%2FL1KV6pZXdVZyNYrWx06yWoj8Aj5lp2oC5VlKw%2BUBInqN8kaFISNY%2F0FbRw8tIrAHjBC2q%2BEJvUKw5nnnqlMHkE%2BCHaTDwhH0FyZYsQNx1WYSI9H6tybYupL0ZL6tXiF2F9m2wp52gZcLUgr0dnmDLvtkIoeAQJYuUhCXxZvnmGsn2cUMiaXrpPLOg%3D#detail,2000+人付款,tb25084109
1590.00,【2022新品速发官方正品】超清视网膜全面屏平板电脑二合一全网通5G上网课考研办公学生学习吃鸡游戏专用快充,https://click.simba.taobao.com/cc_im?p=%C6%BD%B0%E5&s=817914434&k=717&e=5IOXfpAIRQret%2FBZna%2F98fK9HiV8c88KeWS%2FwmTIynazi3qUFfd5wMFONkhazKv3xxrcRnf6SE0Z8d7yfZxbOaZpd6bW%2BonseFAEy7%2FM9o3paYdW7wrGpdyIxsVPRKJDDQ916xhwYq73MqNPvtrqMkoTXkckQWODH1i56DVBOE49Z9pAmIJl7d1hEucv4RNdnv3IgNGsWxPEPNq%2Bn9jxYl%2FfB47clGkrt4F%2FxGvDk9PAZzRxvvu3kXCBgAHQNT3zU9WHXJQUqLlbXUrUuorJtqpvwK0gdCWfyF6TGZA29TM4zRWzIgG%2FHcjkvkJSA0PKPuLWl8orHNmVYW7%2Bqfzou0HKk3q%2BcDNwbHJQoD5GzqnJp5SzeDqVmW8AvF%2BjAvLEmlyhGOBGrrRT1YdclBSouaPHTdbOsjl4%2BhzYXfUzCPn5rQgvsicW2dV%2FNpmTEv%2Bn2otFsmT7M96w0%2FI1Ssi1FthUZ%2B4bv0h8X9g%2BNngKv39QSEsRf7I57hnOBzkytAJ7xLtMlTy%2FtFVyDyqwxi6avGevR0hdsdJcPJ%2FUxotXRCC0Ecg5aGKfUYzybsTGpOKqEZUrNtLbRYG%2B2E2grbee6GrNYVyTvPNdOX2nzugxv7aq6L4Obw2ezd3qqc5r8jibkZ1qkocrrKGqNyzJIMHD%2F9ylIAboLorQgAA32hxKGW6M9Ef2gsb1A3qb3Sj2cmA2w4CwUvMBR48%3D,10人付款,骏勇办公专营店
4199.00,【终极618 疯狂抢购】Samsung/三星平板电脑Galaxy TAB S8/S8+/S8 Ultra 5G通话120hz高刷游戏学习办公网课,https://detail.tmall.com/item.htm?id=670568981001&ns=1&abbucket=13,46人付款,欣顿数码专营店
8849.00,【24期免息 顺丰发货】Apple/苹果 iPad Pro 12.9 英寸苹果电脑2021款学生习绘画设计考研专用官网方旗舰,https://detail.tmall.com/item.htm?id=613732380660&ns=1&abbucket=13,18人付款,润森数码旗舰店
1088.00,Apple/苹果 iPad Air3 2021款20/19/18/17第八九代 mini5电脑,https://item.taobao.com/item.htm?id=672937895795&ns=1&abbucket=13#detail,100+人付款,马伟元123
2299.00,【官方正品】华为平板Matepad11平板电脑2021官方旗舰新款iPad小游戏学习air新鸿蒙二合一办公电脑,https://detail.tmall.com/item.htm?id=674858543059&ns=1&abbucket=13,100+人付款,蓝莲花数码专营店
3898.00,【速发顺丰】Samsung/三星平板GalaxyTab S7 fe T733 T735C原装spen电脑12.4英寸iPad学习游戏办公二合一,https://detail.tmall.com/item.htm?id=647405686154&ns=1&abbucket=13,93人付款,光头强数码专营店
4399.00,【教育优惠】Apple/ 苹果iPad Air第5代无线局域网机型2022款学生学习考研绘画专用电脑M1芯片国行正品,https://detail.tmall.com/item.htm?id=673963615107&ns=1&abbucket=13,87人付款,onezero美承数码旗舰店
1999.00,Huawei/华为M6平板电脑8.4英寸WiFi/4G可通话AI智能语音安卓m6,https://detail.tmall.com/item.htm?id=612662039329&ns=1&abbucket=13,39人付款,天猫超市
3269.00,CENAVA辰想W11H新款10寸三防工业平板电脑windows10/安卓户外工程手持加固便携三防笔记本定制码扫描nfc,https://detail.tmall.com/item.htm?id=642584944013&ns=1&abbucket=13,35人付款,cenava数码旗舰店
5328.00,现货2021新款 双摄全面屏Apple/苹果iPad Pro 11寸12.9寸电脑,https://item.taobao.com/item.htm?id=626908261815&ns=1&abbucket=13#detail,43人付款,e酷手机网
3950.00,Apple/苹果 10.5 英寸 iPad Air5 10.9寸 Air4 wifi 5g 电脑,https://item.taobao.com/item.htm?id=628033050295&ns=1&abbucket=13#detail,54人付款,麦克团mactuancom
6988.00,Microsoft/微软Surface Pro 7+win11平板电脑笔记本二合一轻薄本,https://detail.tmall.com/item.htm?id=667093640691&ns=1&abbucket=13,12人付款,天猫超市
2599.00,【24期免息分期】荣耀平板V7pro 11英寸2021新款5G版全网通超薄游戏5g儿童学生学习考研专用办公电脑pad,https://detail.tmall.com/item.htm?id=652799374960&ns=1&abbucket=13,63人付款,荣耀港讯专卖店
7188.00,【2021年新款】Apple/苹果 11英寸 M1芯片iPad Pro便携式商务办公官网同款全面屏电脑电脑面容ID,https://detail.tmall.com/item.htm?id=645921926787&ns=1&abbucket=13,70人付款,乐自由数码专营店
1008.00,【官方国行正品】2022新款5G平板电脑三星全面屏Pad Pro影音娱乐办公内存网课学习专用学习机官网旗舰店,https://detail.tmall.com/item.htm?id=675359299364&ns=1&abbucket=13,200+人付款,三奕旗舰店
3930.00,2022新款 Apple/苹果 iPad Air5 10.9寸平板电脑 5g 国行全新现货,https://item.taobao.com/item.htm?id=602650336227&ns=1&abbucket=13#detail,50人付款,yangtsui666
1998.00,【5G平板】Lenovo/联想平板小新Pad Plus 全网通5G可通话11英寸6GB+128GB 学习娱乐办公护眼网课电脑,https://detail.tmall.com/item.htm?id=670060232082&ns=1&abbucket=13,42人付款,联想艾克兰斯专卖店
2289.00,2021新款Apple/苹果 10.2 英寸 iPad (第九代) 平板电脑iPad9正品,https://item.taobao.com/item.htm?id=667734129983&ns=1&abbucket=13#detail,100+人付款,三期码头的小甜鼠
2186.00,Huawei/华为华为MatePad 11新品骁龙865鸿蒙2.5K游戏娱乐电脑,https://item.taobao.com/item.htm?id=649765517072&ns=1&abbucket=13#detail,100+人付款,小聂和小姚
616.00,【官方旗舰店】5G平板电脑iPad Pro 2022新款全面屏游戏办公学习手机二合一网课绘画送华为荣耀oppo小米耳机,https://detail.tmall.com/item.htm?id=670391506504&ns=1&abbucket=13,300+人付款,庄企旗舰店
4850.00,Apple/苹果iPad Pro11英寸2021新款平板电脑网课 12.9寸国行/外版,https://item.taobao.com/item.htm?id=672570462742&ns=1&abbucket=13#detail,36人付款,老哥的店
2499.00,现货 vivo PAD平板电脑二合一 vivo平板ipad vivopad vivo官方旗舰店vivo pad vivo手机,https://detail.tmall.com/item.htm?id=672725994229&ns=1&abbucket=13,74人付款,vivo华大云商专卖店
708.00,【国行正品】5G三星屏平板电脑2022新款高清护眼全面屏轻薄办公游戏网课画画二合一可插卡手机学生专用学习机,https://detail.tmall.com/item.htm?id=677310393193&ns=1&abbucket=13,400+人付款,三奕旗舰店
918.00,MIUI/小米 平板5小米平板5pro电脑5G智能原装正品ipad44 plus,https://item.taobao.com/item.htm?id=654714330014&ns=1&abbucket=13#detail,100+人付款,致胜数码店
2239.00,华为平板MatePad11ipadpro全面屏鸿蒙学生2021新款教育办公,https://item.taobao.com/item.htm?id=651201507350&ns=1&abbucket=13#detail,99人付款,笔记本_大世界
826.00,官方正品2022新款平板电脑二合一学生学习上网课办公游戏专用,https://item.taobao.com/item.htm?id=675662023654&ns=1&abbucket=13#detail,200+人付款,levns数码城
1430.00,苹果 iPad 2021新款2020第6 7 8 9代2018 2019平板电脑mini5 Air2,https://item.taobao.com/item.htm?id=671016190176&ns=1&abbucket=13#detail,98人付款,念所念
2849.00,【顺丰速发】Apple/苹果 10.2 英寸 iPad (第九代) 平板电脑考研游戏绘画办公学习专用,https://detail.tmall.com/item.htm?id=630593531775&ns=1&abbucket=13,100+人付款,轻松换数码旗舰店
3199.00,Apple/苹果 iPad mini6(第六代)2021新款迷你6电脑8.3mini5,https://item.taobao.com/item.htm?id=668813082623&ns=1&abbucket=13#detail,60人付款,快乐小阳
870.00,Apple/苹果iPad Pro2018款2019代20pro平板电脑mini567ipadair234,https://item.taobao.com/item.htm?id=612401669084&ns=1&abbucket=13#detail,100+人付款,bigbang黑帝
2449.00,Apple/苹果 11 英寸 iPad Pro2021新款平板电脑2020款 Air4/mini6,https://item.taobao.com/item.htm?id=648443716149&ns=1&abbucket=13#detail,72人付款,谁先转身jt
4349.00,【现货多仓发】Apple/苹果iPad Air 5平板电脑10.9英寸2022年新款M1芯片学习办公教育考研专用官方旗舰款air5,https://detail.tmall.com/item.htm?id=671010810588&ns=1&abbucket=13,55人付款,宏音伟业数码专营
2299.00,Apple/苹果 iPad Air4 10.9英寸2020款Pro3平板电脑 ipad2021 5代,https://item.taobao.com/item.htm?id=638618870825&ns=1&abbucket=13#detail,77人付款,四际数码digital
858.00,2022新款中华5G至尊平板电脑13寸网课学习办公游戏官方正品V10PRO,https://item.taobao.com/item.htm?id=674894629800&ns=1&abbucket=13#detail,200+人付款,同城微购科技有限公司
1738.00,Microsoft/微软 Surface Pro6 Pro5 Pro7+Pro8平板电脑办公,https://item.taobao.com/item.htm?id=608752630698&ns=1&abbucket=13#detail,78人付款,新青苏向南
3641.00,dell latitude 5285 win10平板电脑二合一笔记本二合一电脑PC,https://item.taobao.com/item.htm?id=610895727087&ns=1&abbucket=13#detail,68人付款,myouwubeier
528.00,【安卓旗舰】5G平板电脑padpro新款android平板学习机二合一手机全网通游戏追剧网课爱派air手写mini学生,https://detail.tmall.com/item.htm?id=669988361078&ns=1&abbucket=13,300+人付款,天诺数码专营店
2999.00,【直降优惠】Apple/苹果 10.2 英寸 iPad (第九代) 平板电脑设计上网课学习专用2021版新款 iPad 9官方旗舰店,https://detail.tmall.com/item.htm?id=636288709350&ns=1&abbucket=13,100+人付款,响誉数码旗舰店
1999.00,华硕a豆平板3 轻薄便携办公娱乐学习游戏长续航智能,https://detail.tmall.com/item.htm?id=667582262023&ns=1&abbucket=13,43人付款,asus华硕旗舰店
1499.00,联想小新Pad Pro2021平板电脑11.5英寸安卓八核2.5k高清护眼屏网课考研娱乐办公学生学习游戏二合一电脑,https://detail.tmall.com/item.htm?id=669734280917&ns=1&abbucket=13,100+人付款,联想小林专卖店
3999.00,【现货速发】Apple/苹果iPad mini6平板电脑2021款8.3英寸游戏办公二合一学生绘画专用官方正品旗舰推荐店,https://detail.tmall.com/item.htm?id=656134375486&ns=1&abbucket=13,54人付款,宏音伟业数码专营
5378.00,2021新款Apple/苹果平板电脑 11英寸iPad Pro 5G 12.9寸ipadpro,https://item.taobao.com/item.htm?id=674426465670&ns=1&abbucket=13#detail,46人付款,西瓜珞妍
