user,time,score,content
上东城97,2022-06-26 23:51,5,龟峰风景名胜区很像，我一定会再去看！
danxingge,2022-06-23 21:15,5,丹霞地貌，两个小时左右游玩。
gudequ,2022-06-21 07:19,5,龟峰位于江西省弋阳县境内，风景怡人
elsashen0529,2022-06-16 17:55,5,今天驱车四十多公里来到上饶市弋阳县境内的“世界自然遗产”、国家级地质公园龟峰（亦称圭峰）一游。与附近的以花岗岩为主体的灵山不同，这里是典型的丹霞地貌，数十座铁钙质混合胶结的红色砂砾岩山体构成了龟峰景区奇异的景观。这里“无山不龟，无石不龟”，且数座山体都像一只硕大无比的昂首巨龟，龟峰由此而得名。这里每座山高度并不高，主峰才高三百多米，但大热天沿陡峭的栈道在几座山之间上上下下着实锻炼脚力，不过得知徐霞客游完浙江雁荡山来到这里说了一句“盖龟峰峦嶂之奇，雁荡所无。”便也觉不虚此行。
法漾漾,2022-05-29 23:49,5,很不错的地方，希望疫情过去后能再去看看。
Annie- Sally,2022-05-27 20:28,5,这里的风景环境非常不错呢…………
139****9779,2022-05-18 08:45,5,"【景色】
【趣味】
【性价比】好去处，喜欢旅游的小伙伴们快来加入吧"
09****775,2022-05-14 23:51,5,龟峰发育于距今1.35亿年的白垩纪晚期，是雨水侵蚀型老年期丹霞峰林地貌的典型代表。地貌形态以峰林、陡崖、方山、石墙、石柱、石峰为特征，崖壁两侧雨水侵蚀型纵向线性沟槽发育，岩溶弱；微地貌景观及其景观组合以珍稀的丹霞造型石峰、石柱等为特色，保存有壮年期丹霞地貌的遗迹。
M36****815,2022-05-05 19:36,5,龟峰，又称圭峰，是世界地质公园龙虎山—龟峰地质公园和世界自然遗产“中国丹霞”的组成部分
冰是凝固了的水,2022-04-20 15:00,5,这里还是可以去下的，我是16年去过一次
木木陌陌,2022-04-18 17:28,5,龟峰风景名胜区位于江西省上饶市横峰县境内，独特的岩石地貌，栩栩如生的景象，值得打卡。
M16****216,2022-04-03 23:08,5,这里很值得一去，风景优美，大自然最美丽的风景…………
酷到票的姑娘,2022-04-01 21:05,5,"栩栩如生
景色宜人
环境、服务很好👍"
danxingge,2022-03-26 23:14,5,属于丹霞地貌，山不是很高，还行。
上东城97,2022-03-24 17:20,5,龟峰风景名胜区好啊，我一定会再去看！
hpzhyj,2022-03-19 22:05,4,的确是挺漂亮的，很有意境，挺不错的
M49****100,2022-02-10 17:45,5,旅行愉快，整体不错
多年以后yc,2021-12-13 21:43,5,丹霞地貌和龟型地表结构，在有云雾的天气下看像海龟出海
见人大一辈,2021-11-26 11:08,5,景美人少，值得一看
M49****0655,2021-11-25 14:45,5,挺不错的地方
多年以后yc,2021-11-08 18:32,5,丹霞地貌，天然造型，让这里的石峰千奇百态，老人峰，三叠龟，龟背石等，让这里的石头充满诱惑。
s j j s y 20210115,2021-10-31 20:37,5,"江西弋阳&quot;龟峰&quot;景区，天气啨好多云，很适合老年人观景游山玩水，游客中心座观光车，进入景区里面爬山，海拔最高点320米（玻璃栈道）游玩景区，乘坐观光游游轮，游览龟峰的水面景区。
【景色】好
【趣味】可以
【性价比】高"
Cium阿飞,2021-10-04 11:14,5,典型的丹霞地貌，景点相对集中，玻璃栈道体验感也不错要是再长点就更好啦哈哈😃，不枉此行。
M26****1018,2021-10-03 10:16,4,票价比现场贵20，不要携程上买
nj海虹,2021-10-02 10:03,5,世界自然遗产，有着江上龟峰天下稀与天然盆景之称。
龙界vs至尊,2021-09-23 15:40,5,江西境内的几个著名丹霞地貌之一，找了个机会去欣赏一番。大自然的鬼斧，雕刻万般形态。很喜欢这种自然风光！
M40****386,2021-08-10 12:27,5,好很好，非常好
lzh5566zj,2021-07-14 21:10,5,非常的不错，挺好的，让人流连忘返。
入寺杀我,2021-07-09 23:44,5,龟峰景区原先是不太出名，现在渐渐热了起来，喀斯特地貌，景区不是太大，但是值得一来，尤其是阳气十足的擎天一柱，多少男女心神欲往
zxsshsj,2021-06-12 08:58,5,龟峰离弋阳很近，坐K2路车过去，景区绕龟峰开发了一圈木栈道，还有玻璃栈道。性价比高，总体超赞，有趣好玩，景色不错，也是五A景点。
小萍7310,2021-05-26 23:47,5,景点虽然名气不大，但不虚之行。风景秀丽独特，门票价格合理，景区规划也到位。适逢晴好天气，山上能见度不错，一圈逛下来也不会太累，值得推荐！
良民老K,2021-05-14 17:21,5,不知是因为宣传力度不够，如此大美景色竟不为人所知，各色龟状奇石遍布山野、形状怪异引无边遐想，登山也不算太累，就是金钟峰和骆驼峰陡峭一些，与同为丹霞地貌的龙虎山、武夷山相比更有特色，又恰逢好天气，真是不虚此行。
M27****840,2021-05-06 10:32,4,连续三年第三次游玩了，每年一次，可能玩的太多次了失去了新鲜感，感觉没有之前那么好玩了。随行带的老人小孩一起，他们爬的吃力。游船等待时间略久且没有人维持秩序。
M10****719,2021-05-04 15:02,4,龟峰景色很美，很值一游。但是管理非常差，登船处竟然没有设置分流栏杆，人挤人毫无秩序和安全，五一期间接待力严重不足让游客在三十多度的大热天汗流浃背等待一个多小时，还无法走回头路。二十分钟左右景色一般的水上行程要80元的船票感觉就是忽悠宰客。
与你携手游山水,2021-05-04 14:06,4,如果只是来爬爬山运动一下，可以来尝试一下下，如果专门欣赏风景，那还是可以想一想值不值得来。每一巨石纯靠你的想象：老鹰抓小鸡、仰天微笑的***、如来佛大足印、十八罗汉、老人峰、李时珍采药，当然还有各式各样的龟，全凭个人的想象。
M46****4271,2021-05-03 15:35,4,景色不错，山硬朗，水清澈，就是渡船等了半个小时，并非人多，而是中午12点船工在吃饭，那游客呢？
M29****3637,2021-05-03 11:33,5,景色不错，绝壁栈道很刺激!有趣好玩，玻璃栈道惊险，胆小者走里边也可顺利通过。
爬山老虎,2021-04-24 07:05,5,风景这边独好，超级漂亮，很是值得一游！
155****9158,2021-04-13 19:16,5,景色美，售票员、景交司机都很热情，主动告诉游览要点
jm801016,2021-04-11 20:53,5,非常适合旅游旺季出行，比如五一国庆
FateFireFade,2021-04-06 17:05,4,爬山爬山爬山，景色不错，玻璃栈道挺长的，有些探险道路不能上。
蕙质兰心蕙质兰心,2021-04-03 21:11,5,龟峰东距上饶60km，西距鹰潭35km，地处三清山、龙虎山和武夷山之间，是世界自然遗产“中国丹霞”的组成部分。在山上游览可以5个多小时，看尽山中秀美景色，也能够体验华东最长的百米玻璃栈道的惊险与刺激。
风筝在飞翔,2021-04-03 01:07,5,非常值得去看一看，奇峰异石，鳞次栉比，龙行虎踞，山水相依，是一处难得的天然雕刻馆。最好能亲身爬险峰，亲眼看龟爷龟儿龟孙，相当有趣
博士小美女,2021-04-02 18:22,5,龟峰景区位于江西省上饶市弋阳县城南，因境内有众多形似乌龟的山体和岩石得名。龟峰发育于距今1.35亿年的白垩纪晚期，是雨水侵蚀型老年期丹霞峰林地貌的典型代表。地貌形态以峰林、陡崖、方山、石墙、石柱、石峰为特征，崖壁两侧雨水侵蚀型纵向线性沟槽发育，岩溶弱；微地貌景观及其景观组合以珍稀的丹霞造型石峰、石柱等为特色，保存有壮年期丹霞地貌的遗迹
伊特蓝海姆司马颖,2021-03-28 15:41,5,丹霞地貌，景色还不错。空气很好。但是爬上骆驼峰的路被封了。整个行程下来，四个多小时，还算轻松。但是游船只有一艘船，要等半小时，工作人员说大概能坐40人左右。后来我等的那艘船只上25人。没有排上号的又要等半小时。这个有点太浪费时间了，游船的趣味性、观赏性等也很一般。不值得！
za****o,2021-03-18 23:54,5,龟峰这个景点非常有特色是典型的喀斯特地貌，一圈逛了下来既不会觉得爬山太无聊，也不会感觉无趣总之还是非常值得一去的好地方推荐买套票不走回头路。
320****171,2021-03-10 14:18,5,有趣好玩，性价比高，景色不错，总体超赞，
精彩的臭虫,2021-02-27 18:39,4,通过平台预定的门票，到了景区以后发现被我一个包场了。摆渡车将我一人送到登山口，打了电话后，游船将我从湖边接回，景色也不错，当天风有点大，景区人员还多次提醒我注意安全，总体评价不错。
纳2,2021-02-18 19:20,5,很不错虽然累还是有收获的哦......
danxingge,2021-01-04 13:01,5,丹霞地貌，还不错，玩下来四个小时够了。
踏遍足迹,2021-01-04 11:55,5,龟峰属于5A景点，风景迷人，像龟很形象！很不错！赞👍还能乘船！有点像桂林山水甲天下的感觉！天气也很好！一个人慢慢走、慢慢爬！5个小时！
风筝在飞翔,2020-12-23 21:08,5,值得一游，奇特的地址环境，增长知识的同时开阔了眼界，值得推荐！形态各异的山石是大自然的造化鬼斧神工。爬起来不累，服务设施很到位。
风筝在飞翔,2020-12-18 12:19,5,龟峰虽不算是“名山大川”，但是风景奇秀，变化万千，龙形虎势，别有不同！路过鹰潭弋阳，千万不要错过这一明代大旅行家徐霞客都赞叹不已的盛景。
_M13****2945,2020-12-13 16:11,5,"龟峰是被低估了的五A景区，景色好，服务好，管理好。当然票价贵。
另外，弋阳县城也很好。"
110****282,2020-11-29 11:06,5,龟峰的景色非常好，而且没什么游客，可能位置有点偏，爬山全程需要3-4小时，但是还是值得的！不爬山的话一大半景色是看不到的
ca****x76,2020-11-23 21:11,4,以前从未听说，后来经朋友推荐来了这里，总体感觉还是很好，景色挺独特，就是管理上差了些，游船等了四五十分钟才过来接人，大冷天里实在让人难以接受
E24****12,2020-11-20 10:45,4,坐船风景少，船中间也不停留，不得不坐，不然得原路返回。设计不合理，有强制消费轮船嫌疑。
203****593,2020-11-14 16:19,5,风景秀丽风光无限
南+宝🧿,2020-11-10 21:08,4,性价比一般，那个景区车个船真的很鸡肋。景区设施完善，风景优美，走走要4-5小时
M33****4826,2020-11-10 09:13,5,丹霞地貌景色，风景还是很不错，游客不多，玻璃栈道还免费，老人门票免，可是车船费还要70元，正常4个小时结束，我们走了6个小时整个玩了一大圈下来。骆驼峰下山台阶较多而陡，需要30分钟，有1400多米距离，到山下还要走10多分钟才到乘船处。
M43****0998,2020-11-09 14:40,5,五彩的山体，似曾相识，与武夷山同为丹霞地貌，砂岩因风蚀形成了奇峰，异型，可以发挥自己的想象力。由于膝盖不好，怕损伤膝盖，我们慢慢爬，总共花了五，六个小时绕了一大圈，还有玻璃栈道，真的很美，值得一游！就是70块钱游船和观光车，有点小贵。
M27****840,2020-11-05 16:20,5,时隔一年之后第二次游玩龟峰景区，人依然很少，游玩体验很好。这次四人，因为有两人比较慢，全程从进景区到出景区玩下来用了5小时。
鼎天立地,2020-10-30 18:45,4,景色不错，市区有2路公交车到景区，打车40元留好司机师傅电话，用车方便些，门票160元，网上有优惠，来回三个半小时，下山可以坐玻璃滑道，40元，总体风景不错，而且人很少。
子龙糖糖,2020-10-28 19:57,5,龟峰提前在网上买可以优惠十块钱，进门就是景区交通车，送到里面开始爬栈道，一步一景，风景挺好的，最后从骆驼峰下山坐船出景区，挺好的啊！
_ZFB****23423,2020-10-27 18:12,5,风景绝对秀丽，我之前去的武当山和龙虎山好多了
坐着板凳打冷风,2020-10-21 18:40,5,弋阳本地人去门票真便宜～我以前德学校就是隔壁～
一土游民,2020-10-11 16:12,5,很值得一游的丹霞地貌景区，景色很美，看山看水，以前是江西省的休闲疗养所在地，国庆假期第二天，游客不是很多，体检很好，玻璃栈道还免费，非常的好，感觉门票有点贵，全程走下来花了五个小时。
war****nie,2020-10-09 23:40,5,龟峰是个挺特别的山群。我们两大两小，跟着景区导游，3个小时玩完了全程。下山有个长长的滑梯有些特色，孩子们玩得很开心。景区内洗手间很干净。出景区的船等待的时间有些长，这点不太满意。
M29****4717,2020-10-09 16:20,5,国庆前一天游玩，人也不多，景色超美，云游江西上领的学子卡，可到了景区竟然无法核销，虽然最终解决了，但浪费了近一个小时时间，不过这并不影响我们欣赏美景！
爱冒险的丫丫,2020-10-08 19:20,5,很值得去！
205****659,2020-10-08 12:46,5,丹霞地貌，奇峰造型，中等强度体力，游玩半天即可，强力推荐旅游景点。
M46****310,2020-10-07 17:38,5,"登山基本是陡一段缓一段，不会太累，建议带上登山杖，一路上风景优美，丹霞险峰值得一游。
景色不错，体验很好，值得推荐，有趣好玩，"
M61****213,2020-10-06 22:35,5,这是个非常棒的景区，虽然登山很累，但景色出奇的好，值得推荐值得推荐，！
M48****190,2020-10-06 16:32,5,带着5岁的宝贝4小时拿下龟峰，上面有点陡，爬到了玻璃栈道可以坐滑道下来，我们选择徒步下来，下来稍微好点，但是有两个地方也相当陡！玻璃栈道长150米……下来可以坐10分钟船欣赏风景……人挺多的，今年国庆比往年人多……
lanxiang18,2020-10-06 01:03,4,景色不错，体验很好，
FLUGLERS,2020-10-04 04:50,4,这个景区比较新，5A没几年，可玩的比较单调，没有历史、人文底蕴，也没有表演、展陈互动。但是管理规范，景区很干净。国庆期间玉兔峰、金钟峰等没护栏的地方都没开。
AnneSherry,2020-10-03 17:31,5,龟峰真的很像
溜溜球的爸比,2020-09-08 20:23,5,景色不错，体验很好，值得推荐，有趣好玩，
六条壬晴,2020-08-29 21:11,4,丹霞和三清山的结合体，很漂亮，远超预期，值得一去。
hyuk youyou,2020-08-26 08:29,4,"景色不错，有点不好的是，游船后没有观光车，还要走一段路才到出口，炎炎夏日，这刚爬完山还带着娃真的是，汗如雨下
可以把回程的观光车票价加进去嘛"
文祥666,2020-08-24 22:42,5,还挺好看的
M14****488,2020-08-24 10:54,4,其它还好，景区唯一的败笔就是下山那个滑道，太不人性化了
320****015,2020-08-23 11:09,5,体验很好，值得推荐，景色不错，有趣好玩，
M42****4328,2020-08-15 22:36,5,门票便宜，全程走了将近5个小时，带了两个小朋友，太阳是真的大，温度是真的高，一个字，爽。
幺幺CC,2020-08-13 07:50,5,圭峰挺好，现在景点内容的挺丰富的，风景优美。支持去圭峰游玩。
M39****438,2020-08-10 09:59,4,景色不错，值得推荐，
爱吃西瓜的牧羊人,2020-08-07 23:09,5,人少，景色宜人
lyh****ei,2020-07-30 14:39,5,景色优美，值得一游
乐乐乐邦,2020-07-21 17:37,5,还可以，就是爬起来费劲
卡拉卡拉,2020-07-06 21:25,5,景区很规范，值得推荐，景色不错，各个服务点商品价钱合理，还有西瓜买，但是我是两人出游，无法买一个西瓜，有点可惜。山上的风景是真不错，和附近的龙虎山不一样的，很值得来此一游。建议大家来玩的早上一定要吃饱，这座山爬起来真的需要一些体力。
niceapple,2020-07-04 15:59,5,龟峰风景区位于江西弋阳，是方志敏烈士的故乡。景区门票160元一张，在携程购买便宜10元，龟峰风景区是典型的丹霞地貌，拍照颜色非常漂亮。先爬山，基本需要4个多小时，需要保存体力，虽说有栈道，但山上台阶还是蛮多的，走走停停拍拍照，最后下山，乘船离开景区。景区外公交站点（终点站）不明显，找车站找了一大圈，还是问了在旁边工作的人才知道，说没开进来，车子停在停车场外，结果等车等了时间很长（等了25分钟），最后还是没摒劳，叫了滴滴......（要赶火车）。
M35****8999,2020-07-03 14:03,5,江西龟峰山风景不错。值得去玩玩。提早一天在携程订票会更便宜
琳毛毛虫,2020-06-29 15:26,5,景色特别美丽，属于没有好好宣传的经典值得出游。
320****385,2020-06-14 03:23,5,景色不错，值得推荐，
木易真人,2020-05-16 12:37,5,龟峰景区位于方志敏烈士的故乡—弋阳，门票60元，车船票70元，停车15元。景区经过建设，设施较完善，景色很美，游览全程约需5小时。进入景区，乘景区交通车到锁春洞，而后步行上山。沿途有千年龟皮松、千年香樟树、千年桂树三株古树，而后是老人峰、将军楼、南天一柱、天外来客、骆驼峰等景点，而后乘游船到景区出口。下骆驼峰有玻璃滑道，收费60元，下游船到景区出口有玻璃漂流，收费60元。
M14****091,2020-04-30 17:12,5,很好，很满意
M24****3681,2020-04-18 21:16,4,龟峰比龙虎山更有看点，就是行程设计走路的环节还是有点多，对老人家和小盆友来说会有点累
一雨一彩虹,2020-02-24 17:40,5,龟峰景点真得特别美，龟峰风景名胜区有三奇，独步天下的龟形丹山之奇，奇峰处处，美不胜收；天造地设的洞穴佛龛之奇，碧水丹册，奇洞成群，；三景区为千古流传的志士仁人之奇，这是一处不可多见的人间胜境，一个魅力无穷的旅游区，一条迷人的旅游风景带。
雅典娜的秋裤,2020-02-19 13:28,5,景区一般，没有特别让人印象深刻。
爱旅行w,2019-12-13 19:58,5,这次去的时候遇到大雾，拍的照片不清晰，下次选个好天气再去，拍一次清晰度高的
_WeCh****900195,2019-12-03 20:14,5,"我带了两个三岁宝宝去玩。整个过程，非常精彩，但也超级累，不过很开心。超出预期。景点正如评论里说的那样，小而精，浓缩了爬山，玻璃栈道，游船，滑道。地貌很有特色，去玻璃栈道的路上风景秀丽壮美，但宝宝不配合，一路要抱，就很累。不过途中伴着精彩的景色也倒忘却很多烦恼。下山以后有个滑道很不错，400多米的滑滑梯，宝宝开心极了！总体来说，这个景点没有选错，非常值得游玩！
我们从苏州过来，以前玩过附近的三清山，龙虎山，总体来说，龟峰更有特色，适合一家人出行。"
138****6444,2019-12-01 21:49,5,风景秀丽景色宜人
110****017,2019-11-17 06:36,4,国庆节假日，人不多挺好的，开车过去，停车场很大，方便停车，！
201****075,2019-11-09 19:47,5,"龟峰很美，龟峰EL+486，不高，但峰如,石似,到处是龟，老子儿子孙子，骆驼峰高大崚美，很漂亮。"
风雨hy,2019-11-06 21:26,5,景区不太大，但胜在精致。沿着栈道随着山势走，有特点的丹霞也不是很多，但逼真耐看有个性。爬山也不太陡，不是太累，4个小时就可完成。携程赠送的南岩寺门票因赶火车而未成行，鸣呼！
老游尘,2019-11-05 21:12,5,风景好，值得一游！
M36****1712,2019-11-01 06:24,4,有些地方有点险哦
lxdc,2019-10-30 07:19,5,好。。。。
288****130,2019-10-29 14:53,5,路过上饶龟峰景区进来看一看，果然景色非常的迷人，山清水秀！竟然感觉这边像世外桃源，让人非常的惬意，非常的放松。这里的时间仿佛与世隔绝，停滞在这美丽的景色当中。
谢灵芝,2019-10-22 07:34,5,弋阳龟峰，一个小众的5A景区[勾引]，走完全程没有几个游客[捂脸]。不在假期出行就是这么好，人特别的少，现在秋高气爽，是出行的好天气
M22****778,2019-10-21 21:47,5,丹霞地貌不错
hsj345406,2019-10-16 08:08,4,山的形状还是很美的，不错值得一游，交通方便，景区大门还客气。
_WeCh****939924,2019-10-15 16:31,5,风景很美，值得一看。
轻快的行走脚步,2019-10-12 23:02,5,丹霞地貌的山脉，山下是湖泊，山水相连，感觉环境很不错！山上是奇峰林立，非常壮观，各种各样的巨大造型独特的石头很有看点！值得推荐的景点！
赫默尔亨普斯特德袁粲,2019-10-09 12:14,5,奇石，典型的丹霞地貌，景色怡人，游客不是很多，适合游全程。
m10****86,2019-10-06 08:26,5,5A景区服务没得说。景色也值回票价。自然遗产还是有看头。关键十一人不算多。可以比较轻松的游玩。一定要先做车爬山顺路。要不直上直下能让你累哭。
118****051,2019-10-05 19:22,5,非常值得一去的景区，适合自驾，景区服务完善，景点有特色，移步换景。丹霞地貌，五A景点门票价优，比较挑战体力，不适合老人。
心静如水88,2019-10-04 21:29,5,好玩，好玩，好玩，重要的事说三遍，推荐大家有空去玩一回，真心觉的好玩，景区不大，但风景好，玩一天足够了！
一网打尽8888,2019-10-02 21:31,5,风景不错，景区很干净，不愧为5A级景区，各类设施也很齐全，点个赞。
小瞌睡😴,2019-10-01 23:44,5,超级累，不适合老人和腿脚不好的人
滇国剑客,2019-09-28 16:44,5,其实，从另一个角度来欣赏龟峰，“缩小”了龟峰何处不是景？也正是这其中迷人的景致，才让众多游客感受到了视觉中风景的多样性。
轻快的行走脚步,2019-09-25 17:20,5,龟峰风景区非常不错，是典型的丹霞地貌，全程步行游龟峰，感受龟峰的奇松怪石，山不是很高，一览众山小，感受大自然的魅力！确实让人难忘的旅途！
乐洋洋67,2019-09-21 17:13,4,景色不错，值得游玩，建议先坐车，后面坐船，这样就不会爬很多山，不会很累。全程大约4到5小时，携程买票比景点买便宜十元，值得推荐。
艾罗洛扬雄,2019-09-18 19:37,5,整个景区不算大，游览下来大约四五个小时，游人不多，秩序井然，山势不高，游路平整，移步异景，奇观迭现，兼有山的雄浑与水的清丽，且景区布局合理，设施齐全，环境优美，不赶时间，悠然漫步期间，快乐若仙！
new****lu,2019-09-13 20:45,4,"龟峰景区标识非常清晰，尤其是岔路口，指标牌让人一目了然。对每个小景点的介绍也非常详细，而且附有相关照片，根本用不着导游。在访客中心可以拿到景区的示意图，按图上走就可以。
厕所革命也做得相当到位。
我在游程中遇到几个保洁的大爷大妈，还有售货员，对人都特别真诚，仔细解答你的疑问，提醒你要注意的事项，非常非常好。
但是影区有个最差的，就是那个游船了，浪费钱，浪费体力（走到船岸及下船后走到出口好长距离），浪费时间（班次间隔太稀了，要等好长时间）。船程非常短，我还以为可以拍到一些漂亮的相片呢，结果大失所望。这个船没有一点可取之处。忠告大家：千万不要坐船，千万不要坐船！"
M30****0018,2019-09-08 14:30,5,景区交通非常方便，就在国道边上，山也不高，但走走还是要三四个小时的，上面有玻璃栈道，免费的，游船票和景交车都是含在门票里的。
M50****843,2019-09-05 20:18,5,不错，风景优美，空气清新，值得一去
小路小鹿,2019-08-30 07:16,4,还行无峰不龟，这词概括了弋阳县龟峰风景区的石头特点
小小歪妮儿,2019-08-25 07:50,5,五一去的，很难想象，居然人不多。坐落在江西深处的4A景区，名气不大，外省人几乎都不知道，但却比庐山的风景还要好，典型的丹霞地貌，石头山，青山绿水，环境优雅，对体力要求不高，几个60岁老人都爬过了上去。
cai****9000,2019-08-12 11:53,5,一个不够地方，景区大，风景不错，人不多，不过爬山够累的，玻璃栈道险，高，长，下山不是很方便，有点堵，下山后要走一段路才到码头坐船，累，建议先坐车过来，坐船回来，要是坐船去，爬山辛苦，山高，下山人多
两次黄了3cichuyou,2019-07-23 17:31,5,挺好玩的，，，，，，，，，，，，
桐子落888,2019-07-08 18:47,5,龟峰石愧是5A级景区，山清水秀。
玩嗨了,2019-07-02 23:19,5,距龙虎山和三清山中间有一座龟峰，属弋阳地界，与龙虎山一样属丹霞世貌，其特点是无山不龟，无右不龟，进入景区你就不知不觉从众开启了找龟之旅，坐在游船上找、穿山越岭找，移步悬崖步道找，越找越有情趣。火车站2路公交直达景区门口，2路车是乡村公交，走几个村庄，招手就停，喊一声就下，行程慢价格便宜，只需2元。
M31****2398,2019-07-02 12:27,4,龟峰景色确实很美，但是配套设施不信，在游客中心，没开水供应，坐船处的党员服务站，一杯开水4元，开水供应，是起码的服务，希望提高服务标准
令狐小小聪,2019-06-24 00:43,5,本人没去过龙虎山和武夷山，但龟峰绝对可以是丹霞地貌的绝佳代表。傍晚时分出了弋阳站（提前预定了旁边的站前宾馆），入住后老板娘借了她的小电驴给我们去两公里以外的一个县广场，走走吃吃就打发了一个晚上。第二天一早，就在弋阳站前坐上了K2公交（注意K1不去龟峰的，约二十分钟一趟），约半个钟就到了龟峰景区，学生放假前都有优惠活动（原价160优惠价99，减价不减量，包含门票、送到景观起点的接驳车、回程的游船票，也可以单买门票，接驳车走的这一段路没太多景色，走路估计要二十分钟），我选择最后坐船。龟峰的峰都不高，每座峰之间几乎都被人工阶梯或栈道连贯，到处是美景，到处是形态各异的龟（其中有一处很像兔子，看你有没有忽略到它），越到后面爬的峰越高，难度逐渐加大，特别是后面爬了不知多少阶终于到达玻璃栈道，心情大好，天气也配合。下山有一段人工铁梯几乎是垂直的，有点滑，朋友们不可大意，下山这一段路对膝盖损伤比较大，所以边下边停顿一下好点，下山的路比较多树木和竹子，看到了几处标有有蛇出没的牌子，蚊虫也不少，蚊怕水可以上场了。走到上船点等了十几分钟，船把游客送到景区门口附近，整个行程我们用了四个多小时，说累肯定没有三清山累，说轻松走完以后膝盖有些软，估计是我平时不爱运动的人。山上的小卖铺有几家，但我们水和食物充足，什么也没买。景区对外宣传力度不够，不然也会成为网红景点，哈哈……，不过人少我觉得更好，宁静悠闲，拍照轻松拿下。
M33****1263,2019-06-19 14:23,4,风景秀美，山风阵阵。门票不贵，栈道很多。典型的丹霞地貌。在龟峰湖上乘船，山水交汇在一起。在高山栈道上俯瞰，风景尽收眼底。还有秀美的山脚小乡村，山上参天古树众多。景区服务人员很贴心❤
question04,2019-05-26 18:32,5,丹霞地貌，很有特色，值得推荐。全程下来6个小时，游船30分钟在最后面，刚好休息下，适合周末登山，票价不高，登高望远心情那个舒畅，赞一个
人生就是修行-止,2019-05-25 14:56,4,"形状特异的峰或石较多，位置也较集中，所以全程如果不去仙女散花那条路并且到骆驼峰休息点就往回走的话，只要3小时左右，我们是三小时还不到点，进出坐观光车。

景区前半段就把各种奇峰怪石给游客集中展现了，后面主要是骆驼峰的玻璃栈道和几乎垂直的阶梯给人惊险感。山上休息点蛮多，矿泉水五块六块一瓶的都有，高山上这价格可以接受。

景区交通可坐2路从弋阳站始发，听司机说每天有很多班，二三十分钟一趟，半小时内到景区。不过个人发现班车没那么频繁，而且中午12点左右开始公交是不载客出景区的，说是吃饭要休息一小时，这点不方便上午出行中午想离开景区的游客。
另外，1路车虽说也是到龟峰景区，但其实是到卧佛景区的，大家别坐错车。

总的来说，景色值得一游，不过交通配套不太行。"
77****793,2019-05-18 11:12,5,游玩不会热，玩得很开心。山里的空气很好。
M31****7957,2019-05-10 20:25,4,五月九号一家人开车去的，三个景点路口牌一个一个找过去，新的景点路口做好了，老的就拆了呗误导人。我是做景观车到山上，爬山，坐船的。山上风景真心不错，对体力消耗蛮大。有些地方确实惊险刺激。唯一要吐槽的就是坐船。我们十二点四十分钟左右到达坐船的地点，一点三十五分才上船。没有工作人员维护秩序，船上也就一个开船的工作人员，在岸上等船也是在一家店铺门口等的。山上没有什么工作人员，玻璃栈道就一头一个大爷在哪里叫大家穿鞋套。全程工作人员不足十人。这还是五A级景区？景区厕所少，不过厕所做的是蛮好的，干净。垃圾桶是个特色蛮有意思的。风景不错，服务基本没有
jpgg,2019-05-08 15:57,5,"【景色】很美，空气清新，还有乘船游览景点；
【性价比】很高。"
_WeCh****621308,2019-05-04 20:09,5,交通便利，从上饶站下车有k2线直达。景区很不错，很美的丹霞地貌，景区4个小时左右可以走完，强烈推荐！
慧挑战,2019-05-04 20:00,4,龟峰风景区确实美，遗憾的是管理不到位，游玩线路双向通行造成栈道堵塞严重，游轮也只有两艘，等游轮需要17个多小时，建议景区管理组硬件设施跟上
XFT熊方泰,2019-05-04 16:13,4,还行，人不是很多，体验感比较好
芝岩堂,2019-05-03 21:50,4,不错，很棒的景点。携程订票取票也非常方便。
M25****1834,2019-05-03 18:01,5,龟峰不错的地方以前都没觉得我们上饶只有三清山
xuhegy,2019-05-03 15:22,4,五一节人有点多。景点不错，弋阳公交车司机不错。
无名之名001,2019-05-02 21:51,4,总体服务上还需要改进一下。去玻璃栈道在山上等太久总归有安全隐患
M29****8432,2019-05-01 21:18,5,还是很不错的，携程订票也很方便
陈伟国,2019-04-23 11:51,5,很不错，景色一流，服务周到，空气清新爬山的好去处，很喜欢
M37****712,2019-04-21 21:35,5,山水之美，隐于山，明于水，丹霞绝境。
M19****526,2019-04-18 18:39,4,出了弋阳站，右边穿过一个小广场，在马路边有K1和K2路公交车，尽管终点都是龟峰景区，K1实际到的是南岩寺，K2才是到龟峰。下车不远处就是游客中心，里面可以买票，完整的一套票包括游览车、游船，也可以仅买门票60元。如果不坐观光车，走路要15分钟左右，沿途没有什么好看的，为了保存体力，建议买观光车票，如果不坐船，返程仍可使用。在展旗亭下车，穿过山洞，右手边上行，依次为千年古樟、二看老人峰、鳌鱼峰观景台、一线天、三叠龟峰、将军楼服务点，此处继续右行，到画壁峰后返回将军楼，从另一条路到童子拜观音、忠魂石、三道口服务点，上行经过少女之春、观驼峰观光景台、十八罗汉休息点，右边就是西海岸观景台。继续走可到南天一柱，但要攀登不少台阶，放弃返回休息点。从这里有一条路到本景点区最精华的景点骆驼峰，但有些点评说是很陡峭，恐高的我也只要远观而无胆量攀爬，使得本次旅游大打折扣。原路返回至三道口，沿着另一条下行道通过好汉坡，回到展旗亭。景区不大，我仅用了3个小时。
大觉金仙,2019-04-11 13:58,4,风景不错值得一去里面还有玻璃栈道
M10****619,2019-04-10 16:37,5,同一块岩石从不同方向看，像不同的样子。有中国第二大丹霞巨石，有许许多多像乌龟的岩石，不愧叫龟峰，竹林茂密，空气清新，天然的氧吧
300****445,2019-04-10 07:36,4,龟峰丹霞很有特色，虽然不是非常大，但奇，秀，往往峰回路转又是一番景色个人觉得景色比龙虎山好多了，景区服务也很好。从县城过来公交十五分钟一班三元，非常值得一游。
_CFT01****1097029,2019-04-07 06:44,5,龟峰丹霞地貌，整个行程差不多四个小时，新增了玻璃栈道，值得一玩。老的景区门口已关闭，要去新的门口了，别走错地方了。我们就是先到老门口然后再找到新的门口的。
M45****791,2019-04-04 15:26,5,还不错，空气很好。总共带小孩子爬了两遍！
M49****779,2019-03-27 16:21,5,这个景点还不错!小了点、风景不错、要是门票在贵一点就不好了！有些景点关闭了!
舟山东方之朱,2019-03-26 09:07,5,早上8点多游客很少，龟峰景色很不错，可能是宣传力度不够，全程4小时左右，这个门票是套票，包含景交和游船。
冬日暖阳,2019-03-12 18:55,4,丹霞地貌，赣闽两省常见。风景还不错，比龙虎山还是差一些，尤其是水，只有一个人工小湖。景区的电瓶车只管进不管出，爬山累半死还要自己走很长的路到景区大门停车场，不科学
M37****712,2019-03-06 14:06,5,典型的丹霞山风貌，地处清静，面积较大，山清水秀，石奇峰险，树多花香，行舟水上，景致变换，微风轻拂，美丽如画如诗，令人游连忘返。
Jean楠,2019-02-24 20:51,5,景点服务态度好，风景也很棒，整个行程下来最快可以3小时走完全程，线路规划也很合理。从弋阳站下车坐K2可以直接到景区门口，注意，千万不要坐K1，虽然站牌写着到龟峰景区，但实际并不到，很久前开始就不到了，对公交公司很无语。
anaonaoa67,2019-02-17 10:17,5,藏在深山人未识的美景，此次春节行的第二个惊艳。典型的丹霞地貌，红色的山体，惟妙惟肖的乌龟造型，给人的视觉，心里带来了强烈的冲击与震撼。真是一步一景，一步一惊叹。
ling-min,2019-02-17 06:15,5,风景秀美，山水俱佳，历史底蕴丰厚，这里的石头形神兼备，绝不是臆测的象形，而是实实在在的形神兼备。非常适合带老人孩子一起出行。
D25****538,2019-02-15 15:37,5,风景很好，比龙虎山好玩，建议先做游览车再做船出来，这样更轻松
舟山东方之朱,2019-02-15 10:27,5,龟峰景色不错，景色不错，正月初七早上8点就我们一家3口入园，景区宣传力度不够，我们出园的时候游客也不是很多。全程需要4-5个小时。好像只能买套票，景区游览车和游船必须买，其实走走也就十几二十分钟的路程。
question04,2019-02-13 18:03,5,物有所值，景色很漂亮，比隔壁的龙虎山，丹霞美景更赞，推荐下
M97****09,2019-02-09 22:23,5,龟峰是五A级景区，各方面设施还是比较新的，特别是游客中心的洗手间很大气、很干净，景交和游船也不错。整个景区沿着路线走下来半天差不多，可惜天气不是太好，玻璃栈道和湖景都看不到什么，不过总体还行。不足之处，景点人气不够旺，游客广场缼些琳琅满目的土特产、特色商品，沿途也难觅农家乐、饭店。
M46****093,2019-02-07 13:23,5,景色很美，就是有点小雨。玻璃栈道看不清下面，不刺激。因为有雨水。
M37****712,2019-02-07 00:52,5,山水相映，自然与人文交融，独特如仙。
M65****59,2019-01-03 22:51,5,东西很好，很满意，一路很顺风，确实不错啊
Mozart-xu,2018-12-27 23:34,5,很实惠，也很方便，好评…………
M29****0448,2018-12-25 14:11,5,不错，风景很好！建议景区多做宣传，让更多的人了解并游玩！
郭书生,2018-12-03 14:52,5,丹霞奇观，秀美之尊！不得不去的5a级风景名胜！
朱中太,2018-11-29 21:48,5,玩的开心，风景很好，性价比很高
走天涯行天下,2018-11-25 10:16,5,景点很有特色，山景很美，游船个人感觉没有必要做，骆驼山远观就可以了
前景美好98,2018-11-04 19:07,5,物有所值，可以和黄山媲美，一路走一路惊喜连连。
_yt2****735,2018-10-28 22:58,4,从弋阳站乘游2路半小时内到达，车次也不少，交通非常方便。5A景区值得一游，厕所相当干净，指路标识不够。全景游需要4-5小时。
M10****413,2018-10-18 12:29,4,作为一个旅游爱好者，以前不了解龟峰，只是前年去龙虎山的时候才看到了龟峰山的广告。从宣传度来讲，以前以为龟峰山可能一般吧，没有特别想去玩一趟的冲动。这次十一，同学做了个攻略，其中就有龟峰山。去了之后发现比我想像的要好很多，景色很美，游玩时间也较长，是个性价比很高的旅游景点。不过有点不足的是，游玩线路应该定死，否则一但人多双向行走非常困难，造成不必要的拥堵，也容易发生危险事故。还有有的地方居然没有护栏，旁边就是万丈深渊，好恐怖的。最后提个建议，龟峰山的广告宣传力度不够，名气没有打出来，感觉比龙虎山景色要好，却没龙虎山名气大，两者距离也不远，但名气还是有差距的。
kallytonny,2018-10-11 23:10,5,开车回家，弋阳高速路封了，找了家酒店，发现有个龟峰，于是买了票，整体还是不错的，爬爬山也挺舒服。玻璃栈道还可以，云梯也可以，不过高血压心脏病患者还是不合适了
M27****4172,2018-10-09 19:48,5,龟峰风景秀丽骆骆峰悬崖天梯又险又刺激！
M27****4172,2018-10-09 17:11,5,龟峰是中国丹霞世界自然遗产重要组成部分。这里自然风光秀丽丶碧水奇幻多姿。龟峰的奇石，象形独秀，如雕似刻、类型之多、观赏性之强。不愧是“江上龟峰天下稀”，恍若步入了梦幻飘渺的人间仙境！
M29****9478,2018-10-08 10:10,5,整体体验较好，典型的丹霞风貌。
M43****176,2018-10-07 21:55,5,有山，有水，有奇峰，有怪石，登高望远赏美景，攀岩走道历惊险，景色和名气虽比不上那些名山大川，但也有自己的独特精致，另外人不多，山不高，爬着不累！
D26****284,2018-10-07 16:10,4,观光车有点坑，景色不错，山峰不高。小朋友也能在鼓励下完成。
cherry_zheng,2018-10-06 23:16,5,刚升的5A，10月5号去的，人流量还不算大。景区的服务很到位，山不算高，爬一会儿山可以走会平路缓一缓。下山的楼梯较多，不算很陡。有玻璃栈道，同行的一个同事，典型的恐高，但也顺利过了。有直升机体验，299一人，大概最多十分钟的样子，可能看我带了个小朋友，多给我们飞了一会儿。直升机上看山景是另一种体会，没看够，如果能飞得再远一些就好了。在江西待了四天，所去的景点中，龟峰是唯一个感觉算得上景点的地方。景区里的东西翻了不止两倍，也可以理解，亲眼看见把东西运到山上全靠人力，不容易。就是坐轮渡的附近有个唯一一个卖雪糕、冰淇淋的地方，卖东西的妹子服务态度也是景区唯一傲慢的。还有就是管理上还有待加强，坐轮渡没人检票，也没人维持秩序，导致我们虽然排在第一位，却没上成船。
le****ns,2018-10-06 20:30,5,先坐景交然后登山，坐船出来，全程四个多小时
_WeCh****049758,2018-10-06 17:57,4,当天景区游玩人数多，值得一提的是“蓝天救援”的工作人员，一路可见，服务着游客，挺暖心！
E21****84,2018-10-05 20:35,5,支持老家旅游业～拖家带口来了，老公是外地人，哈哈哈，买了携程票，135，规划比前几年好多了～希望越来越好吧～还可以坐船玩，本地人50块，还有299体验直升机，我们没去体验，有点可惜…哈哈，希望下次有机会再去～风景很好，大家多来旅游呀～我们孩子才两岁多，没去玻璃栈道，喜欢冒险的朋友可以去去～
_ZFB20****1603020,2018-10-05 08:57,5,强力推荐，非常不错的景点，建议先不要乘船，坐电瓶车进去，一路欣赏奇山怪石，沿着栈道前行，体验龟峰的险峻，最后到达玻璃栈道就大声呼喊吧。然后一路下山，乘船返回。
M13****862,2018-10-05 07:21,4,环境不错，景点自然风光比武夷山好。
johnsonroy86,2018-10-04 08:16,4,有点累，玻璃栈道附近下坡人流对冲太厉害，没有看到老门口的神龟迎宾有点遗憾
M59****21,2018-10-02 19:01,4,红红的石面，层层叠叠的石岩层，龟形唯妙唯肖，自然景观奇特。景区服务稍差了点：标识不十分明显，景区景点改造应对不及，游客走冤枉路，有些地段比较险，未有服务人员定点引导一些胆大任性的游客，隐患较大，好在入园人流不大。
尹凡,2018-09-21 14:15,5,有无数形态酷似乌龟的象形石和整个景区远远看去象一只硕大无朋的巨龟而得名。素有“三十六峰七十二景”之说，集“奇、险、灵、巧”于一身，素有“江上龟峰天下稀”和“天然盆景”誉称。以其独特的“无山不龟，无石不龟”的自然景观和深厚的文化底蕴成为游圣徐霞客、电视剧《西游记》等众多名家名剧的推荐景点
M28****5184,2018-09-19 00:22,5,一个很好的游山观景的旅游胜地，超过预期，希望在看点上多做介绍。
M55****804,2018-09-17 07:16,5,没想到龟峰景区这么大。丹霞地貌有气势，全程有山、有水，还坐车、坐船。走完全程用了四个小时，不错的景点。
亲爱的颜,2018-08-31 10:33,5,超级推荐，门票也不贵，里面有玻璃栈道，石洞，以及风貌不一的大石头。印象中知道下午就可以爬完了，感觉很不错，有些地方很陡，还只设了铁皮楼梯，爬的时候有点心惊胆战哈哈哈。
M49****976,2018-08-25 17:22,5,风景很美，也有点险，必须买船票，否则会累死，不适合带小宝宝去
_WeCh****882572,2018-08-12 10:11,5,非常好玩，景色美，就是竹林蚊子多，
M24****9457,2018-08-05 14:53,5,景区不错，夏天来也合适，游船风景好
la****518,2018-08-03 23:31,5,很少打五星，景色非常好，交通方便，可惜知名度不高
玉屏阿贵,2018-07-26 14:49,5,景区景色很漂亮，门票价格也有优惠，很不错的一次旅行。
110****662,2018-07-14 22:56,5,携程订票能便宜点。取票还是挺方便滴。
Ikun墨紫,2018-07-11 10:18,4,还不错啦，风景挺好的，挺开心！
明宵升海平,2018-07-06 20:13,5,龟峰不大！爬山也不累人！是丹霞地貌中的盆景！
205****191,2018-06-27 23:39,5,风景很棒，就是爬了很累，栈道还好，游览船票一定要买
xhw,2018-06-13 08:40,5,非常美！深藏“龟”中人未识，宣传不够，景色远远超过知名度。刚评上5A，票价由80元变成150元。但还是感觉超值！
尧尧郭K,2018-05-31 19:28,5,十分OK，新修了以后有了栈道，要爬更久了，骆驼峰不建议短时间玩，但是有时间必须去玩。
特博克鳌拜,2018-05-11 22:56,4,不错好玩就睡觉上课上课上课上课考试科目奶奶说奶奶
liufutang,2018-05-03 22:54,5,值得去，这边的山很特别，环境也好。。
新一代徐霞客1,2018-05-03 22:45,5,龟峰风景名胜区位于江西省弋阳县城区西南部，320国道、311高速和浙赣铁路旁，距弋阳县城10公里，总面积136平方公里。是世界地质公园龙虎山—龟峰地质公园和世界自然遗产“中国丹霞”的组成部分，是国家级风景名胜区
M26****0440,2018-05-01 20:19,5,今天到龟峰玩，真心不错就是有点累希望山上东西便宜点。
感悟远方,2018-04-28 05:39,5,去过很多名山，这次去了龙虎山，返程路过顺便去了龟峰。本以为只是一个小众景点，可一圈五个小时玩下来后，大大出乎预料，简直让我震撼了。龟峰的丹霞地貌、景观的可观赏性和性价比都超过想像，一点不比周边的龙虎山三清山武夷山差。作为世界自然遗产和地质公园，我觉得景区要大力推广宣传，吸引更多的游客。
e18****93,2018-04-27 19:23,4,龟峰的景色是值得推荐的，但是景区的指路标识非常不清晰，至少有两处观景台和不少景点没有标志，三道口服务点的老鼠非常猖獗，基本到了不怕人的程度
pigeon528,2018-04-27 14:40,4,一路栈道，有惊无险，丹霞地貌，风景秀丽，值得一看
爱绿游,2018-04-12 12:37,5,龟峰的确是一个不错的景点，丹霞地貌，山石秀美，重峦叠嶂，非常险峻，值得游玩！
ljh67050,2018-04-06 14:40,5,这个星期去了弋阳龟峰，这个景区不错，风景很美，石头怪异独特，空气好，值得游客一看，景区除了门票没有其他收费的区域，我觉得比江西其它⭐⭐⭐⭐⭐景区管理得好，很适合大众旅游，景区漫游需4小时左右，很惬意，很集中，费用也合适，网上订票有优惠。
M49****279,2018-04-03 19:35,5,风景很好，有的地方很陡几乎直上直下，还有玻璃栈道也有个百米左右，四个小时就可以逛完整个景区。
jdm1333,2018-04-03 11:35,5,网上订票很方便，到景区门口取票也非常方便，景区里人不太多，游玩的感觉不错。
qllbshan,2018-04-02 17:10,4,龟峰山位于江西省弋阳县内，山体是典型的丹霞地貌，受自然风化影响，这一带有非常多形似乌龟的山岩，龟峰也因此得名。龟峰系世界自然遗产、世界地质公园、国家级风景名胜区、国家AAAA级旅游区、国家森林公园、全国爱国主义教育基地，是江西省环鄱阳湖经济圈上的一颗璀璨的明珠，并以其独特的“无山不龟，无石不龟”的自然景观和深厚的文化底蕴成为游圣徐霞客、电视剧《西游记》等众多名家名剧的首推景点。景色雄奇瑰丽，山险水清景点集中！碧水丹峰，美不胜收！！爬山总的来说难度不大，骆驼峰有点挑战。
悠然见五山,2018-04-02 13:21,4,弋阳龟峰与龙虎山都属于丹霞风景，无山不龟、无石不龟，是5A景区。目前名气不太响，但风景观赏性和趣味性很好，值得一看。成人门票（包含观光车、游船）160元，网上订购有优惠。一般人整个景点游玩下来，5个小时足够。可请导游讲解，每个团组120元（一小圈）、200元（一大圈）。正因为名气不大，所以人不多，不拥挤。从弋阳高铁站坐2路公交40分钟可到老游客中心。新游客中心也已开放，自驾游、出租车不要搞混。建议夏天或者雨天不要游玩，夏天太热，雨天啥也看不到。
M22****1381,2018-03-29 12:03,5,很美的景点一流的丹霞地貌玻璃栈道很惊险风景独好从百年樟树开始一路爬山最后游船出来这样比较轻松先上游船话要一路爬山到骆驼峰比较累，龟峰很值得一游，
M23****585,2018-03-27 13:14,5,龟峰山，奇山怪石，风景独特，值得一游！
M23****585,2018-03-25 15:01,5,江西弋阳龟峰山，奇峰怪石，景色独特，令人惊叹不已！玻璃栈道更是惊险刺激，值得一游！整座山围着龟主题，真是名副其实的龟峰山！如果有导游的解说，更是富有传奇色彩。
M59****592,2018-03-20 17:28,5,非常的漂亮，空气也非常的清新，卫生也非常干净
小尹哥22,2018-03-17 10:00,5,丹霞地貌景观、怪石嶙峋、只要你想象力丰富就能看到各种各样动物、人像、……！游道惊险刺激！景色好漂亮、对体力要求不是很高、全程边拍边玩大概也就是三小时左右！下山后、还有景区专用的游船和电瓶车送至码头、和停车场！很开心的一次旅行！
泰山白云,2018-03-15 22:19,5,风景美，一景多看，变化多端，只要想象力丰富，都能说一二，不枉雨中**
M20****184,2018-03-15 21:32,4,景点还是不错的，感觉半天不够玩，没来得及爬骆驼峰有点可惜，整体景观还是不错的，就是做游轮没有东西看，管理不够完善，没人维持秩序，这在河边多不安全。坐电瓶车都没有排队等候区，还不是旅游旺季去，大家互相拥挤抢上车，这对于带孩子的，和老人多危险啊，高峰期车太少，没有有序管理，看到一辆电瓶车停在上一个景点休息都一个多小时也不接客人，听接送我们的司机口气就是很无奈，没有管理到位，没责任心的司机就不跑车，不管游客。还有门票，当地人的门票是50，外地160，这差距也太大了，网络订票还要提早24小时，实在不合理。
艾罗洛扬雄,2018-03-12 15:38,5,龟峰景区位于江西省弋阳县城区西南部，320国道、311高速和浙赣铁路旁，距弋阳县城10公里，总面积136平方公里。龟峰因景区内有无数形态酷似乌龟的象形石和整个景区远远看去象一只硕大无朋的巨龟而得名。素有“三十六峰七十二景”之说，集“奇、险、灵、巧”于一身，有“江上龟峰天下稀”和“天然盆景”誉称。以其独特的“无山不龟，无石不龟”的自然景观和深厚的文化底蕴成为游圣徐霞客、电视剧《西游记》等众多名家名剧的推荐景点。景区是世界地质公园龙虎山—龟峰地质公园和世界自然遗产“中国丹霞”的组成部分，也是国家级风景名胜区、国家AAAAA级旅游景区、国家森林公园、全国爱国主义教育示范基地。
lesley88,2018-03-12 11:05,5,2017年国庆节去的，上饶市旅游搞活动，可爱的中国，9.9元特价门票。很有特色丹霞地貌山水，特别是最后段新开发的玻璃栈道，胆战心惊！
118****260,2018-03-11 08:19,5,龟峰是人在深山无人识，奇丽风景值得隆重推荐。
133****0327,2018-03-10 19:19,5,景色不错，丹霞很漂亮，龟峰名副其实，游船可有可无，还要走太多路，累啊
立即出发,2018-03-05 11:29,5,这个景区还真是不错，不是很大，也不太累。弋阳也开了动车，在县城里有专门的公交车K2可以直达景区，如果不坐游船可以买95元的门票，坐船的话再加65元的船票。建议不买船票，全程走下来也就是4个多小时。这里丹霞地貌的特点导致怪石林立，什么老人峰，天外来客，龟背石等等，你尽可发挥你的想象力，觉得像什么就是什么，不必拘泥于别人的想法。还有比较长的玻璃栈道可以游玩。这里特别适合中老年人游玩，不累。值得一去。本人觉得优于鹰潭的龙虎山。
舍 予,2018-03-01 14:39,4,风景还是不错的。天气很好。景区票价还行。携程方便实惠感觉景区内部管理一般，卫生一般，设施一般
300****111,2018-03-01 09:59,5,刚升5A，对比周边的龙虎山和武夷山觉得游玩的性价比最高，推荐。
_WeCh****764435,2018-02-27 21:04,5,听朋友说，龟峰风景好，有特色，四个朋友一起自驾游，下午从武宁出发，晚上八点到弋阳县，住七天连锁酒店，第二天一早导航到龟峰，带上我的宠物狗小米，上到山顶，有位工作人员给肉我的狗吃，好有热心，玩了一整天，很开心，下回带家人一起来。
_WeCh****656511,2018-02-19 23:21,5,五个人去的，夫家是天津的，今年公公婆婆也一块来这边过年，带着他们就在自己家附近游玩，以前自己也没去过，风景真的挺美，值得一去。
205****202,2018-02-19 07:53,4,"风景挺漂亮的，奇山怪石，值得一看。一路都是山路，对体力是个考验的。请了个导游，由于山没有太多文化内涵，所以解说的内容比较少，性价比不高。
玻璃栈道不错，不过由于是双向同行，有个地方特别狭窄，会造成人流拥堵，景区需要改进之一。
游客需要规划好时间，否则坐完游船后，可能就没有游览车了，快速步行到门口预计要30-40分钟，景区需要改进之二。"
M15****888,2018-02-16 20:55,5,不错的景点，带孩子春节去的，孩子挺喜欢的，玩的很开心，春节人也不太多，满意。
M49****912,2018-02-13 15:06,5,风景很不错！各种奇石姿态万千！值得一看！游玩难度也不大！景区环境干净！
汽车之家任大人,2018-02-05 00:13,5,趁着周末带孩子来到家边上江西弋阳的龟峰地质公园转转。义乌过来很近，200多公里。一天完全可以来回。龟峰公园说实话真的不大，转一圈2小时足够。看看这奇特的山峰造型也是挺不错的，呼吸呼吸新鲜空气，赞啊！当然景区门票便宜很关键哦
M42****356,2018-01-29 23:12,5,风景好，管理也不错，一次愉快的旅行
M25****8427,2018-01-26 20:20,4,龟峰，顾名思义，山如龟，龟满山。龟峰景区集中精致，视觉冲击震撼。有山有水，有攀登有泛舟。由于许多岩石山峰貌似昂头的乌龟而得名。龟峰尽管没有索道。但修整一新的石阶、玻璃栈道非常省力，对体力的挑站也恰到好处，从上山、登峰、揽胜、下山、最后乘船全程大约4小时。中间约有一百多米的悬空玻璃栈道、和没有栏杆的山脊缓坡（称作好汉坡），给游览平添更多的乐趣山脚下的湖水给龟峰增色不少。非常值得一去的自然景观。
来自银河,2018-01-07 11:35,4,时间比较紧，就在里面随便看看，风景不错，值得推荐。
杨四叔埃斯比约毛遂,2018-01-05 22:33,5,去过很多丹霞风景区，个人感受最有独特地貌风景算龟峰哦，栈道险峰上，中，下穿行，登上两峰顶确实独特，但最好碰天气好去，免得留遗憾。超赞。
Helene ～成为更好的,2018-01-04 09:01,5,我们是淡季出行，人很少，景区非常不错，门票也不贵，性价比超高啊，特别有一个直上直下，90度的楼梯，好玩刺激，真心不错哦，风景也美丽，真是非常满意
旅游圣行者,2018-01-02 18:21,5,景点不错，没去过的值得一去，个人感觉还是挺好看的，门票便宜
_CFT0****9958,2018-01-02 14:28,5,天气不好，本来说先看看的后面有人就一起了。不过雾太大整个过程没怎么挺久，三个小时左右就结束了
_CFT0****9958,2018-01-02 14:23,5,建议大家选个好天气去，不然就像我一样了
danny,2018-01-02 08:56,5,"在航拍中国上第一次知道这个地方。身处其中才知道真的很特别，其实不必纠结于什么的景色像什么，更重要的是感受大自然的鬼斧神工。
游玩需要一定体力，细细看起码要四到五小时，骆驼峰上天梯很惊险，体力差或者恐高的朋友还是别去了，不过上去风景独好啊！"
ccc****004,2018-01-01 20:27,4,按地图走到清水湖就吃药了，码头搬到很远的地方去了，只有工作人才能在老码头上下，所以赶紧告知大家。连门票背后的地图也是错的。好汉坡是最平缓的一段路，不去也行。新码头的电瓶车在大山洞的东侧站牌等，下来还有上坡路，所以建议最后坐船。整个景区变化度不大，就是在绕圈，普通游客找刺激的话走玻璃栈道，大神游客爬骆驼峰，玻璃栈道也不敢走的游客去武夷山
跳舞的水草,2017-12-22 23:43,5,最让我印象深刻的就是形态各异的小乌龟垃圾桶，虽然是寒冷的冬天可是在大山里根本见不到一丝萧条。郁郁葱葱的树木，间或的鸟鸣，好一副春意盎然的生机。但是最让我觉得有点不划算的是，旅游观光车实在太没有性价比了，个人觉得10元还差不多吧，别的都很完美，一定要推荐的就是骆驼峰要挑战下，那简直是刺激的，每踩一脚小心脏就一抖，哈哈
水3水-,2017-11-30 12:26,4,还是很美的呀，去的时候人很少，和老公慢慢爬山感觉很好，山也不是特别高，但是景色真的很不错，第一次看到这种地貌的山。最喜欢的还是玻璃栈道！！之前湖南的都得收鞋套钱，这里是免费的，人很少就可以尽情的拍照哈哈哈。记得在山上途中还遇到了算命的老爷爷，大冷天的坐那儿也不容易，就和老公去算了，希望借他吉言！值得一提是整个景区都很干净，随处都有乌龟的垃圾桶，也是很棒！以后有机会在来吧，虽然没有庐山井冈山呢样宏伟壮观，但也有他的独特之处呀~
上犹赵武灵王,2017-11-27 10:35,5,龟峰相对来说还算原生态各种形态逼真玻璃栈道也堪称完美票价性价比还是相当不错的从上海高铁至弋阳然后2路直接到景区交通很便捷可惜景区周边尚未开发完善农家乐较多住宿条件较差
我不是毛毛猪,2017-11-22 17:46,5,长江以南就是风景秀丽。我爸爸知青下乡就在江西弋阳，老和我说龟峰风景好，终于成行，不失望
静静的小溪流,2017-11-14 07:26,5,没有想到龟峰这么美，一路风雨，一路惊喜！第一次如此近距离的感受丹霞地貌的奇峰异石，再加上雨水的润色，云雾的衬托，实在是如入幻境！
M24****0701,2017-11-09 19:42,5,携程上150定的票，比直接在那买便宜了10块钱，包括了坐游园车和坐船，感觉还是挺不错的，物有所值吧，为什么这么说呢，因为你请当地人带你进去根本不用这么多钱，一般就50，但是没票的话你坐船就要100一个人了，所以算下来是一样的，哈哈，再说人人都**，景区怎么发展，尽兴感到值就行了，毕竟怕花钱不出门，出门不怕花钱嘛。景区很多石头乌龟，各种说法，有钱人可以花200请个导游，我没请，蹭了别人团的，受了点白眼，但是听得过瘾，哈哈。玻璃栈道好评，又长又险，玻璃也很透明，爽。。一柱擎天峰和网上美化过的稍有出入，但是脑补后就一样了。主峰是骆驼峰，有能力的一定要爬上去，不然太可惜了，上去的楼梯基本上90度，有个拐角似乎超过了90度，很有意思。云梯也很好，不如骆驼峰惊险，但是也很垂直。还有很多景点就不说了，反正比较满意啦。
M47****969,2017-11-03 17:11,5,"价廉物美。
感恩造物主，有如此逼真，惟妙惟肖！"
圣安东尼智永禅师,2017-11-03 14:11,5,"建议景区指示牌
再多点详细点，特别是叉路口。我在去骆驼峰时，一个指玻璃栈道，一个指云梯，在云梯牌子上加上骆驼峰就好了嘛！"
E01****18,2017-11-02 12:35,5,好久没去龟峰了，刚修好的玻璃栈道不错。值得一去！
M24****6886,2017-10-29 09:11,5,空气很好风景很优美卫生条件很好适合与一家人没事去旅游很惬意照片去选
恋雪的日子,2017-10-28 17:15,5,很好，值得一游，惊险刺激，也不累。
一壶铁观音一壶龙井,2017-10-25 23:28,5,一流的丹霞，丹霞中的精品，值得一游。
M10****482,2017-10-24 22:09,5,龟峰风景区去了的人都不会后悔，有桂林山水的秀美，有奇山异石的奇观，更有玻璃栈道的刺激，真的是无峰不龟。
hct12138,2017-10-18 20:46,5,物超所值，虽然人不多，但是景区很有意思很好玩
亲爱的颜,2017-10-17 20:25,5,用时5个小时，很累，很愉悦！玻璃栈道，虽然下来时将近90℃垂直的楼梯也是够悬！
散入春风,2017-10-12 16:42,5,基本满意，门票价格贵了点，会向朋友推荐。
M40****103,2017-10-12 12:56,5,"1、卫生条件好，很干净。
2、风景很美，安全措施很好，蓝天救护时刻能看得到。
3、山下山上物价一样，比在镇上的还便宜，不用担心被宰，这是其他景区看不到的，说实话，东西都是挑上去，真心不容易。
4、十一期间相对人多一点，但是一点也不拥挤。"
M21****330,2017-10-10 21:49,5,风景好人也好，特别要给办理电子支付售票的工作人员点赞！
M42****395,2017-10-09 09:53,4,山不错，有华山的感觉，人也不是很多，150的门票性价比还可以，建议去爬爬，但是住宿就不要住弋阳了，太差了。
Fiona1976,2017-10-09 09:01,5,"去过庐山，三清山，龙虎山，龟峰相对知名度不高，但是风景美丽迷人，景区管理也很好，就是最后坐船那段有点小插曲，船太少了，导致游客滞留在码头。
刚升5A景区，门票价格偏高了"
Jo-cszjj,2017-10-09 01:33,5,观景顺序：先坐观光车，登山看景点，下山座游轮，坐观光车回停车场。
Jo-cszjj,2017-10-09 01:26,5,环境管理很好，保洁员工作认真，景点很美，值得。
ninth,2017-10-09 00:54,5,咱江西的风景是真的不错，就可惜知名度不够。最高峰仅400多米，爬山毫无压力，却能排出4000米高峰的感觉。新的玻璃栈道感觉很赞。
M44****715,2017-10-08 20:01,5,景点还是不错的，风景很好，只是景区内还要的花40元座船
sy原来的我,2017-10-08 17:40,4,很方便，只是观光车和游船联票有点坑爹，150的票，门票只要70，但观光车和游船只小段路，50元都不值
jpgg,2017-10-08 17:40,5,景点很好，又美又刺激，值得一看。
_CFT01****7845500,2017-10-08 10:03,5,很棒景区风景独好，特别美，山很秀，别具一格。
flash97,2017-10-07 20:22,5,并没有在计划中的地点，结果不虚此行，先是湖中游，后面开始爬山，对体力有些要求，骆驼峰值得年轻人去挑战一下，晚期丹霞地貌，很有特色，不比龙虎山差，不错的地方，需要适当扩大宣传。高速路上看到宣传说已经是5A景点了
hct12138,2017-10-07 19:36,5,挺好玩的，比较陡峭，适合出游。
Kevin熊,2017-10-07 18:49,5,的确不错，因为周边还有着三清山龙虎山等景区，所以这里知名度并不算高，但也正是因为这样，这里的游客并不算多，不用人挤人，看人口，这里的丹霞地貌还是很有特色的，尤其是有着华东最长的玻璃栈道，挺好玩的。景区也没有很多岔路，就算是在岔路口也都有工作人员指引，游客体验很不错。值得一来
晏子YZ,2017-10-07 11:13,5,龟峰风景区名气一般但风景漂亮，节假日过去人不多。典型的丹霞地貌，非常震撼，值得一游。以后有时间还会再去。现在不是热门景点，过几年后一定会热起来。强烈推荐！（提醒出游的人千万不要购船票乘船，乘船是个坑，友情提醒）。
M70****65,2017-10-06 21:42,4,风景不错，骆驼峰不可怕，看着恐怖爬起来一般，很多小朋友也挑战成功了
M24****1859,2017-10-06 20:25,5,景区环境优美，景色秀丽，秩序好
明宵升海平,2017-10-06 18:11,5,我游玩的是携程推荐的第二条线！先坐船到最里面的清水湖！再往回走！就是开始登山太陡了！后面就好了！基本没什么坡度！南方丹霞就是好看！山水相映成趣！
m80****40,2017-10-05 20:21,5,不错不错啊，我们家人下次还会再来一次的
M24****1213,2017-10-04 06:54,5,比起十年前，现在栈道，爬山轻松，观景视角，值得一游。
139****2344,2017-10-03 23:16,4,壮哉大美山河，江西风景这边独好！
M11****066,2017-10-03 20:47,4,总体不错，景区很干净，景点也很美。
_WeCh****07263,2017-10-03 19:32,4,上山景色不错，服务点的志愿者都挺好的没有不耐烦，景区卫生也不错，下山很无聊，全程无看点，路挺远的，游船也很无聊
M53****053,2017-10-03 14:09,4,景区学生票无需验证，比较方便。可惜下雨天骆驼峰顶关闭，有些遗憾。
M53****635,2017-10-03 14:03,5,今天遇到下雨，走得有点辛苦，但景色不错，景区旅游人还是蛮多的。
法兰柯,2017-10-02 13:56,5,很喜欢这样干净秀丽的景点，轻松随意
M24****9702,2017-10-01 16:19,5,很好的一个景点，游客不算多，但服务还可以，景色很美
_WeCh****04548,2017-09-29 10:18,5,很好的游玩体验，风景秀美！没听景区开电瓶车的忽悠，坚持走路上山，回来坐游船，非常棒！3小时左右游完全程！携程预定的65元/张门票，听说国庆开始门票涨至195/张
138****3290,2017-09-26 15:05,5,风景挺好的！9月21去，天气有点热！
M23****9376,2017-09-22 23:42,5,景区卫生干净。风景优美。双龟迎客特象。骆驼峰高大雄伟。南天一柱特雄壮。栈道玻璃桥是华东最长的。惊险刺激。意外之喜看见了松鼠。
探索宇宙,2017-09-18 09:16,5,风景优美，性价比高，值得一游。
665516,2017-09-16 17:04,5,"龟峰山位于江西省弋阳县内，山体是典型的丹霞地貌，受自然风化影响，这一带有非常多形似乌龟的山岩，龟峰也因此得名。
龟峰系世界自然遗产、世界地质公园、国家级风景名胜区、国家AAAA级旅游区、国家森林公园、全国爱国主义教育基地，是江西省环鄱阳湖经济圈上的一颗璀璨的明珠，并以其独特的“无山不龟，无石不龟”的自然景观和深厚的文化底蕴成为游圣徐霞客、电视剧《西游记》等众多名家名剧的首推景点。
景色雄奇瑰丽，山险水清景点集中！碧水丹峰，美不胜收！！爬山总的来说难度不大，骆驼峰有点挑战。"
M13****073,2017-09-16 12:46,5,虽然不是很出名的一个地方，但是确带给我惊喜，非常不错的景色，比龙虎山好玩
M32****364,2017-09-15 08:17,5,非常的满意，比龙虎山景色优美，门票还便宜，我们进去晚了一天，还意犹未尽，唯一遗憾的是玻璃栈道坏了，没看到。
139****0515,2017-09-01 15:56,5,时隔二十年再去龟峰，景色越发漂亮。
shin****0506,2017-08-22 07:07,5,景区工作人员热情，帮着规划了游玩线路。卫生间很干净，还有手纸，不容易。网络票写着8点拿，实际七点多工作人员就到位给我们拿票了，这样缩短了游玩时间，很方便呢！还有游玩那天是周一，景区人特别少，可以安静赏景，玩得爽。我们玩好骆驼峰乘船到出口，还乘20元游船上岸，个人感觉这个游船时间太短，收费20元太贵，建议骆驼峰玩好直接下山，因为即使坐船从骆驼峰下来还要上两个坡，走很多路。体力消耗太多。
300****715,2017-08-18 19:30,5,景区比预想中大，没个半天走不完
135****4302,2017-08-17 20:11,5,圭峰不错，值得一去。风景很好，天气太热爬得有点累，我们一点多去的，五点多回。
300****111,2017-08-16 08:07,5,景色优美，不愧为5A景区。景区环境卫生，设施完善，游人不多，游玩体验非常好。强烈推荐
M23****0555,2017-08-13 11:08,5,非常棒，下次还要去玩，一家三口必去
啦啦啦,2017-08-10 19:31,5,弋阳的景点，必须五星好评，欢迎前来游玩！
M17****742,2017-08-06 14:24,5,景点人少，但景色不错，门票还包含观光车，门口的葡萄园卖的葡萄仅4元一斤，味道很好，值得一去
猪仔老豆,2017-07-30 15:58,5,龟峰山景区实在太赞了，步步美景相伴，山不算很高，但爬起来还是很值，能看到很多的景色。
_M13****2821,2017-07-29 21:29,5,整个景区蛮大的，一路玩下来至少需要五六个小时。玻璃栈道150米感觉不错，更具挑战性的是攀爬骆驼峰頂，有一段阶梯进乎垂直，上去，下来都非常的惊险，非常刺激。下来后再去玩玻璃栈道，就不觉得害怕了。一路奇石多姿多彩，风格迥异，值得一去。不过那个龟博物馆有点坑，为了多收十元钱的门票，硬说十多岁的孩子也可以看，进去才知道有一间展馆是展示男女性“文化的”，只能落败而逃。
猪仔老豆,2017-07-26 09:08,5,龟峰山低调有内函，景区不大，但步步是景，景区的服务人员很热情。
M93****17,2017-07-22 05:46,5,风景优美，价格不贵。龟文化突出。游船的船长还能当导游介绍，特别赞一个
何靖快乐哈哈,2017-07-20 12:13,5,空气好，天然氧吧，周末一家人郊游好去处
m41****88,2017-07-20 10:53,5,龟峰风景很美，景区环境非常整洁。
齐雅,2017-07-18 17:52,5,龟峰无山不龟，无石不龟。交通很方便，景点也非常的多。走完全程要4个小时左右，外面和山上都有商店和厕所很方。不足的地方就是山上有许多苍蝇
卡利斯托斯白起,2017-07-18 09:54,5,山很秀丽，爬上山顶很惊险，景色很好
M36****495,2017-07-17 06:41,5,好玩的景点，坐了趟游船40，这次玻璃栈道没开放，小遗憾，以后再故地重游
M22****6562,2017-07-16 02:15,5,比江郎山好玩。好大骆驼峰啊。上去好险
_WeCh****66515,2017-07-09 21:06,5,不是很高的山，但是依旧爬的很辛苦。玻璃栈道没有开放很难过，风景还是很独特。
hero2017,2017-07-09 16:29,5,战道修得还行，从战道的各个位置可以看到不少的风景，景区刚评完五A，设施都还好，但是服务还不够完美，还有提升的空间，景区标识不够明显，需要自己仔细观察，不然会走错，总体风景很好。
_WeCh****911246,2017-07-09 13:28,4,不错的旅程。是和女朋友一起去的，就是天气太好，热。
M33****834,2017-07-08 21:30,5,龟峰总体来说还是很不错的，坐了游船，欣赏了主要的景点，下船后又自己一路爬山去到骆驼峰，骆驼峰下来一路走栈道一路回到龟博馆。风景很不错～
M26****479,2017-07-08 19:40,5,风景很好，最高峰骆驼峰很惊险，直的一游。
D69****11,2017-06-30 04:55,5,加景色宜人，山水清丽，可惜太热闹了。
黄启,2017-06-25 12:38,5,挺好的，景点不大，集中风景不错。
小小艾娃,2017-06-23 22:23,5,好山好水，好风景！旅游度假的好去处！
浙江清杨,2017-06-21 21:48,4,最多就四星景区，永远到不了五星的，管理不善，也就那样了。
wang****xin,2017-06-21 15:50,5,风景独特，性价比高。最重要的是名气还不算大，游客不多。
lyylea,2017-06-20 02:08,5,值得一去，特别是骆驼峰登顶的那一刻，站在最高点，俯瞰周边，感觉特别好。
M45****123,2017-06-16 15:35,5,风景优美，很适合休闲游，买票也不贵
_wSin****575806,2017-06-10 20:58,5,风景如画，惟妙惟肖，性价比很高，值得一游
_zfb20****0186703,2017-06-03 09:53,5,出弋阳高铁站站前坐1路2路车到龟峰游客中心三四十分钟，游客中心有免费地图，按地图线路轻松走一圈也就六七个小时，爬骆驼峰登高望远，景色很美。这次去玻璃栈道检修，没走玻璃栈道，下次再去吧，龟峰景色很美，值得一游，山石很型像，感叹大自然的鬼斧神功。门票不高，很值。
_CFT01****2862834,2017-06-02 11:39,5,还是很值得一玩的，门票比起其他景区不贵
龙神皇陛下,2017-06-02 06:33,5,因形似乌龟而得名，难得的比较清幽。
my马儿,2017-06-01 07:01,5,很满意。景区客服和网站客服都很好。景区紧凑、风景的，已去过N次了，现在骆驼峰有了玻璃栈道，感觉提升了景区景色品质。
M11****640,2017-05-31 09:31,5,景色很好，有山有水，真的很喜欢，还有玻璃栈道。
138****4770,2017-05-31 07:21,5,江西龟峰挺不错的，风景很有特色。就是爬的太幸苦了，全程下来要4个多小时。要备好干粮和水（土豪忽略）。在旅游过程中比较难受的是没有开水，需要开水就要买泡面。景区里的休息点要备好开水，。
何靖快乐哈哈,2017-05-30 14:34,5,风景很好，门票很值得。景区服务态度好，一家人去一天足够。
八千岁为秋,2017-05-30 09:05,5,玻璃栈道开通了，多了一处景点，值得
139****8180,2017-05-30 07:17,5,到龟峰是一直都想来一直没实现，这次趁着节假日就自驾出行的。从家里开到龟峰景区历时三个小时路上偶尔小堵车。虽然辛苦但还是到了平安就好去停车场停车很方便然后下车去游客服务中心换票凭携程网短信换取，整个过程方便快捷。接着就是验票坐景区的观光车一路美景尽收目的地是一个坐船的码头直接交了40元一个人的船票坐穿去另外一个码头，不过沿途可以欣赏很漂亮的风景，各种龟峰的全貌尽收眼中山石嶙峋。接着停靠码头这里大家可以吃点东西因为上面有一段距离没有东西卖了。接着就是很长一段时间的爬山都是楼梯台阶大家可以慢慢走一边欣赏风景。爬到骆驼峰观景台可以看到玻璃栈道可以去试试胆量自身体验不怕很轻松。接下来可以按照指引走自己想看的景点有玉兔峰有一线天有好汉坡整个过程估计要三个小时可以下山虽然有点嗮这天气但是看到美景也觉得不是花钱买罪受了。出来玩我们就是玩的是一种心情一种意境。以后有机会再来重游。
jerry424,2017-05-27 14:24,5,比我想象中好很多，很美很壮观。很值得去，一定要去
E13****79,2017-05-25 17:08,5,挺好玩的，跟朋友们一起去的，没去过的可以看看
macho2008,2017-05-24 08:21,5,很好，有特色。交通方便.管理一般。
smljx,2017-05-16 19:14,5,强烈推荐去龟峰游玩，自然的丹霞地貌形成的山峰，各有特色，尤其骆驼峰惊险刺激，值得去体验！
esperozhang88,2017-05-16 08:50,5,入选世界遗产，性价比很高，交通便利。
guanzwen,2017-05-05 05:35,5,欣赏石山园林风光，体验面壁攀崖，感受临高望远的惊喜。值得一游！
M59****750,2017-05-04 21:07,5,不错的景点，惊险，小朋友喜欢一直都跑在最前面，景点也修了玻璃栈道，不过我们去的时候还没有开放。
M25****715,2017-05-04 09:56,5,取票很快，景点风景非常优美，很值得一玩。
山头888,2017-05-02 12:38,5,非常好的景点，有机会还会去，取票也非常方便。
_U4****4695,2017-05-01 22:01,4,风景不错，而且园区工作人员态度非常好，宾至如归！
姑苏霞客金,2017-05-01 20:43,5,不愧为中国最美丹霞之一，觉得对得起这个门票钱，绝对的良心景点。
妍然66,2017-05-01 17:44,5,风景很不错，有一个湖湖水很蓝，非常漂亮。山峰较高，有气势，景色雄奇瑰丽，不亏是世界自然遗产。景区的卫生环境干净，工作人员的服务态度很好，值得一游。
M32****138,2017-05-01 16:41,4,可能是放假期间出去的，停车场没有办法停车，只有一个人来引导汽车。服务一般，风景还是不错的
320****581,2017-05-01 06:58,5,风景很美，环境很好，直得去玩的
118****753,2017-04-29 20:46,4,景区不大，但是还是比较漂亮。还有很多地方比较惊险，景区游玩的安全性还有待加强
M35****637,2017-04-28 23:38,5,风景如画！美不胜收！！气势磅礴！
文武火,2017-04-27 14:48,5,好地方～升5A了～恭喜～希望周边配套能越做越好！
M24****809,2017-04-19 20:23,5,奇峰怪石景色很好，没赶上漫山的映山红，只零星几丛，山虽不高但几个峰爬下来也挺累的，好在名气不大票价不高，值得游玩。景区的洗手间相当干净。
zx****46,2017-04-18 20:26,5,奇峰怪景，还想去一次，丹霞地貌
_CFT01****5675472,2017-04-16 16:50,5,龟峰的风景挺不错的，骆驼背很险，爬上去之后就一览众山小，美景尽收眼底，非常有成就感
205****162,2017-04-13 13:20,5,风景优美，老头老太太玩得很开心
HQJiang,2017-04-13 08:31,5,丹霞地貌风景名胜区龟峰。无山不龟，无石不龟，山清水秀，林深树密，小径通幽。老人峰一景三看、一线天、照映壁、老鹰捉小鸡等等，鸟鸣山更幽，返景入深林，独坐幽篁里，吃农家菜，赏大自然巧夺天工！
138****4947,2017-04-12 18:45,5,累并快乐着风景优美无比欢愉
139****5008,2017-04-12 18:32,5,非常好的景区比丹霞山好太多了价格便宜非常值得推荐。当时正在申请5A景区升级5A后就会涨价了
吴易航,2017-04-12 15:14,5,弋阳龟峰，离县城不远，而且弋阳也有高铁站，非常方便。龟峰真的很漂亮，整个景区虽然不大，但是能感受到大自然的鬼斧神工。值得一游！！！
不搭界格,2017-04-09 19:15,5,不太值了，这么好的景区可惜外面知道的不多，门票价又便宜，比许多5A级景点好多了，景区服也很好，这次是雨后游玩的，如入仙景。
十字天堂,2017-04-09 10:24,5,龟峰不愧为新科5A景区，风景很美环境很赞，犹豫时间太紧最险的骆驼峰没爬有点遗憾，龙虎山玩了一天天气很给脸，全程阳光明媚，景色迷人
jjs****425,2017-04-09 05:04,5,龟峰景区不错，硬件软件设施都非常好，风景比较优美。特别是从火车站到景区有二路公交车直达，这个做得相当好。
我们一起去旅游喇,2017-04-07 09:35,5,暂时不算大景区，有体力者建议登顶，风景不错，好山好水
190****553,2017-04-05 22:16,5,龟峰真的挺漂亮的，而且爬上去也不累，适合全家去玩。唯一的不足是游船时间短，看不到太多风景。这里的公共卫生也很好，赞！
300****113,2017-04-05 20:35,5,清水湖一幅山水国画美极了。登上骆驼峰看圭峰全景又是幅山水国画。
203****560,2017-04-05 13:11,4,景区总体管理还可以，景点比较集中，骆驼峰攀登艰险，刺激。性价比不错。
152****9230,2017-04-05 10:42,5,游玩的很开心，携程真的很优惠噢，还可以返现，下次再来！
_CFT01****1182826,2017-04-05 09:05,5,之前一直想来终于成行了的确很值得就是爬的脚有点痛里面到处都是怪石别有一般风味如果时间紧张可以坐坐小船因为另一边路要远一些而且是上坡我就是十点半到的三点走离开时间刚好该逛的景点都逛了骆驼峰建议大家还是去爬一爬感觉这算龟峰的一大特色了我也很怕高但不往下看也还好就是希望上骆驼峰的安全措施做好都没有防护的措施大家最好小心点
M33****789,2017-04-05 07:35,5,取票很方便，景点很美，人也不是太多，非常值得去。
190****332,2017-04-04 23:32,5,龟峰景区给我惊艳的感觉，有山有湖，山美水美，关键门票只要60，性价比太高了
118****080,2017-04-04 21:13,5,骆驼峰非常惊险刺激景区电瓶车游船服务有所欠缺总体不错非常值得一游
_M13****1655,2017-04-04 18:04,5,整体感觉很好，景色优美，栩栩如生！特别是门票便宜，通过携程预订方便快捷，还有优惠！
棉花糖Fme,2017-04-04 09:59,5,龟峰一日游，山脚溪水潺潺，繁花似锦，微风穿过竹林，轻抚脸颊；到山顶了画风一转，立壁千仞，山路奇险，更有几乎九十度的栈道助兴……可惜玻璃栈道这次没开放，下次有机会再去
_WeCh****17840,2017-04-04 09:29,5,很愉快的一次游玩，携程网订票价格优惠。游览过程充实顺利，爬骆驼峰，倍感刺激！龟峰，性价比高的五A级景区，我喜欢！！
_WeCh****17840,2017-04-04 09:21,4,清明节一游，感觉特值！！票价不贵，丹霞地貌别具风情。骆驼峰，惊险刺激；空中栈道，变仰视为近距离触摸。最难能可贵的是，只需花五十元门票就可游五A级景点、世界地质公园、世界自然文化遗产，哈哈，太值了。美中不足的是，所谓的坐船游太坑爹了，四十元一张的票太贵，下次再去，打死不坐船。自己规划路线，一些景点要自己去发现。
_U4****4695,2017-04-04 01:12,4,不错的一次旅行，当地人民风纯朴，态度很好。
zho****1985,2017-04-03 21:40,5,很好玩的一个地方，门票比较便宜，风景很不错，虽然不太高，但是确实很险，喜欢挑战的人可以去爬一下骆驼峰，绝对过瘾，我是没有去，太危险了
M27****649,2017-04-03 16:38,5,龟峰是5A景区，空气好，环境不错，景美，深切感受大自然的鬼斧神工。
来自南方的羊,2017-04-02 14:04,5,感觉非常好，门票相对来说比较便宜，景色很美，值得下次再来
yew紫杉,2017-04-01 20:24,5,预订结果确认很快，马上就收到确认短信了。取票过程也还算顺利。游客中心的网络票取票柜台不能直接取，要先到柜台边上的登记点查验网络订票信息，然后拿着登记点给的纸条去柜台取票。景区风景很不错，值得一去，这票价很值，性价比不错！
for****olf,2017-03-30 21:32,5,因其&amp;#39;&amp;#39;无山不龟，无石不龟&amp;#39;&amp;#39;，且整座山体就像一只硕大无朋的昂首巨龟而得其名。其独特的自然景观和深厚的文化底蕴成为游圣徐霞客、电视剧《西游记》等众多名家名剧的首推景点
E34****99,2017-03-30 14:27,5,龟峰是国家地质公园和世界自然遗产“中国丹霞”的组成部分。因其“无山不龟，无石不龟”，且整座山体就像一只硕大无朋的昂首巨龟而得其名。集“奇、险、灵、巧”于一身，素有“江上龟峰天下稀”和“天然盆景”誉称。门票只有60元，平时游人很少，可尽情享受大自然的鬼斧神工。值得推荐游。
138****3887,2017-03-28 11:08,5,一个字、灵、就是没有爬晚正个山、以后有机会再去爬完整座山，景区干净！
_seogo****558676,2017-03-14 12:26,5,门票实在便宜景色鬼斧神工，很震撼
M25****719,2017-03-12 14:08,5,龟峰的山都是很多奇形怪状的岩石，很有观赏性，特别是升为5A级景区，各项服务设施得到提升。龟峰值得一游！
风中百合欢,2017-03-10 15:09,5,家门口的景区，三十年前去过几次，喜欢他的清静秀美。这次再游，惊奇不小，由于修建了栈道，景区向空中扩充了不少，从高处俯看景区更有凌空绝顶的视角，美不胜收，比以前更秀美了！
皇帝,2017-03-08 09:06,5,江西上饶龟峰景区有三大奇观：一是奇特的丹霞地貌，二是飞禽猛走兽的乐园，三是风流人物的故居，是一个不可多得的人间仙境。
e02****69,2017-03-06 06:38,5,值得一去，风景非常好。景区工作人员也很热情。交通也方便，2路公交直达景区。
jsc****ji,2017-03-05 16:11,4,取票方便，景区人不多，景色挺好，硬件设施好，员工态度挺好。如果不去骆驼峰的话，游玩还是不累的。
足球先生,2017-02-22 21:21,5,好山好水好地方我都去过好多次啦每次来都不一样的感觉
i米苏,2017-02-02 17:14,4,可以爬山，登高望远，品尝当地美食-龟，散心，锻炼身体的好去处。
行者无距,2017-01-22 15:39,5,11月去的，按携程推荐的二线走到一线。从龟博馆走到清水湖就我一个人，等了一会2个工作人员把我送到对岸，包场的待遇。走了半天才碰到几个小孩，到骆驼峰南天一柱那个分叉口一位景区的大爷热情的帮我看包，可以轻装前往骆驼峰。骆驼峰往上段没什么安全措施慢点小心即可，之后原路返回往一线走去。我一直以为这个景区很冷清半天碰不到几个人原来人全在前面，最后是我一个人往下走其他人往上爬也是醉了。总体来说整个景区很干净，工作人员热情，游玩难度不大3到5小时就可全部走完。
138****8001,2017-01-12 14:10,5,龟峰，大自然的恩施。丹霞地貌，国家AAAA景区，名不虚传。游客服务中心宽敞明亮，工作人员热情礼貌。我们去了很迟。已下午4点多了，服务人员仍耐心接待，认真讲解，我们非常感动，谢谢你们！
一生一世,2017-01-04 21:47,5,不错的哦！风景非常好。现在还在做玻璃栈道哦。过了年应该就好了。过了年要玩的推荐大家去看看！！
_CFT01****3177224,2016-12-27 16:14,5,世界自然遗产不虚此行，山清水秀，
M45****342,2016-12-24 07:45,5,风景极好，玩的很开心，下次还会再去
海布里岁月,2016-12-20 19:26,5,龟峰是世界自然遗产“中国丹霞”的组成部分，位于弋阳县城南信江南岸，因其“无山不龟，无石不龟”，且整座山体就像一只硕大无朋的昂首巨龟而得其名。龟峰发育于距今1.35亿年的白垩纪晚期，是雨水侵蚀型老年期丹霞峰林地貌的典型代表。地貌形态以峰林、陡崖、方山、石墙、石柱、石峰为特征，崖壁两侧雨水侵蚀型纵向线性沟槽发育，岩溶弱；微地貌景观及其景观组合以珍稀的丹霞造型石峰、石柱等为特色，保存有壮年期丹霞地貌的遗迹。龟峰共有36峰，集“奇、险、灵、巧”于一身，素有“江上龟峰天下稀”和“天然盆景”誉称。明代地理学家徐霞客游览龟峰后发出“盖龟峰峦嶂之奇，雁荡所无”的感叹。
海空财神,2016-12-15 21:43,5,圭峰，很美的地方，骆驼峰我喜欢
取舍记,2016-12-11 21:18,5,可以去看看，没去过去试一试就知道了
虫出江湖,2016-12-11 20:37,5,一个非常好的旅游景点，适合各种人群去游览，景区很干净，尤其是卫生间，宽敞明亮无异味。
虫出江湖,2016-12-11 09:52,5,龟峰，又名圭峰。丹霞地貌，国家AAAA景区，不过我个人认为国内的很多AAAAA景区根本就不如龟峰。游客服务中心宽敞明亮，工作人员热情礼貌，过收票处后既可以坐景区环保车也可选择步行，不像有些景区必须乘坐景区提供的车才能入内，有存在绑架消费之嫌。步行大概10多分钟到达景区，然后就是爬山，龟峰不高，有三条线路可供上山，第一条适合年老体弱者，第二条适合一般人群，第三条有些惊险，尤其是在骆驼峰那段，适合年轻人。在景区内各服务点有工作人员为你指点道路，这样你就可以很简单的去选择适合自己的上山道路了，更值得称赞的是整个景区很干净，尤其是卫生间，干净无异味。
你会是什么样子,2016-12-10 10:08,5,非常值得去骆驼峰很刺激独自一人攀爬特别能静心。以后有机会还会去一次，有山有水好风景。
233****836,2016-12-07 08:34,5,去了这么多地方，唯一一个提供直饮水的景区，印象挺好。爬山不算太累，大半天就可以搞定。
and****g425,2016-12-06 16:54,4,"丨

景区景色优美，取票方便，整洁干净，管理十分规范热情，标牌指示清楚，完全达到五A标准"
Sunminion,2016-12-01 19:47,5,龟山非常值得一游，感觉比三清山好玩很多，奇峰林立群????迎宾，最高峰如此陡峭但非常适合年轻人冒险。
Fly丶石上,2016-11-22 16:39,5,景色加上好心情等于90分，再带个小伙伴的话，细看每一处风景，领略她的起伏风骚就是100分，简直棒呆！
M20****580,2016-11-18 19:36,5,非常好，下次还想去，非常干净，等后期索道开发以后还要去一次，很不错。家里人都玩的很开心
203****252,2016-11-15 16:40,5,比较天然的景区，属于丹霞地貌风景区，以龟状峰得名。处于开发中，体力要求很高，带孩子去的要注意。
E45****517,2016-11-04 16:07,5,景区内风景秀丽，圭峰最吸引人的地方就是它的山峰造型独特，每个角度望去都独成一幅风景，玉兔，神龟，群鹰，十八罗汉等等，每一处风景都很奇特
_zfb20****8476513,2016-10-22 12:39,5,上饶最有名的山景之一，形似乌龟。
M14****595,2016-10-21 15:05,5,值得一去的地方，高速自驾游过去相当方便，景区设施也一应俱全，步道设计合理，全程几个小时走下来也不累
苏黎世章邯,2016-10-17 14:39,4,风景很美，秀丽壮观，值得一看！带小孩就不太合适，路线有点长，约需走3个小时。
286****344,2016-10-16 10:32,5,景色秀丽，天工造物，鬼斧神工，栩栩如生！！带着孩子虽然有点累，但是封顶后的一览纵山小的感觉还是很爽的！！
人生海海2017,2016-10-14 23:35,4,去的时候因为高速堵车迟到了一个多小时，导致没能上骆驼峰，留下些微的遗憾，整个景区的风光很漂亮，而且不会象三清山那么累，下次还会再来????
_CFT01****4489482,2016-10-13 22:32,5,龟峰景区真的很值得来，骆驼峰爬得惊心动魄，到了峰顶，往下看，景色太美了，一切都值了
山水二人转,2016-10-11 22:09,5,进入景区就被浓郁的桂花香气所笼罩。随着步道与栈道登高，步步是景。或秀气或惊险。有山有水，有云有雾。不虚此行。55元网购门票性价比极高。
ndv123,2016-10-08 22:26,5,无峰不龟，维妙维肖，世界自然遗产地，当之无愧！
ThomasLuo,2016-10-07 14:31,4,景区管理很好，许多路口有导路员，还有景区带着安全员标志的工作人员，看来对服务还是很用心的。龟峰景区，丹霞地貌的自然景观，山不高，但很险峻雄伟，各种大自然鬼斧神工造就的乌龟、狮子、罗汉、老鹰捉小鸡等造型，很神似也很惟妙惟肖……
M66****28,2016-10-07 10:22,4,龟峰正创五星级，从火车站花三元坐公交直达景区门口，门票网买55一个人，9点进去玩了六个小时，最后还乘坐了免费游船。里面很干净，在一些重要地段都安排了安全员，很不错，值得一游。
流浪的风景,2016-10-06 10:50,5,龟峰风景优美，奇岚如画，融儒释道三教文化于一炉。有商周文化遗址、太平天国城堡遗址、瑞相寺遗址等
_WeCh****44779,2016-10-05 22:04,5,真是性价比高的旅游景点，服务态度不错，卫生也干净。
202****273,2016-10-05 21:02,5,带娃出行选择了龟峰，世界地质遗产果然名不虚传。山不高，但真要走一圈也还是挺累的。
M45****318,2016-10-05 16:50,5,虽然海拔不高，但是独特的丹霞地貌确实让人眼前一亮，不仅环境优美，而且很具有挑战性，当然，这里不太适合心脏不好而且恐高的朋友来玩，但是如果你敢于挑战自己，有些景点绝对不会让你失望，龟峰的一些细节也确实做的非常出色，比如各个休息区的公厕，绝对让你舒服，总之，我还会再次光临龟峰的。
M29****059,2016-10-04 16:07,5,玩的还是比较满意的，就是累啊，一天游玩体力不好是游不了全部景点！有大片草坪如果没危险可以露营下
梦谪仙,2016-10-04 08:11,5,真的算我玩过的地方里比较好的了，特别是骆驼峰喜欢刺激的特别带劲，还有你们如果自驾游最好先去码头坐船反的来，那样子不会拥挤
_CFT01****3758858,2016-10-03 22:00,5,好抖惊险刺激去的好一定要登顶才好玩也是最刺激
_m13****7566,2016-10-03 19:08,5,风景很好，景区很整洁，自然风貌很有优点，虽有点惊险，很值得游，门票比较合理，非常佩服修建栈道的建设者
天涯海角之浪漫,2016-10-03 17:15,5,因其“无山不龟，无石不龟”，且整座山体就像一只硕大无朋的昂首巨龟而得其名。环境优美。
_CFT01****3362293,2016-10-01 20:25,5,第一次爬爬还是不错的，有点新鲜感，但主要是便宜，信价比高，如果有缆车下山那就更完美。
梦游天下,2016-09-29 12:48,4,怎么说呢，景色，主要是怪石，石山险峻，优美，不知道能否代表丹霞地貌。实际比拍摄的要好。但是票价较高，65+10，相对其他景区，还可以。
M93****34,2016-09-27 20:09,5,从早玩到晚，景色优美，山水如画，栈道雄伟。换票顺利，希望早点升到5A景区。仅有2点遗憾，景区游船爱开不开，不合拍。游览路线虽然标了，仍觉不够明白。
m09****79,2016-09-27 10:17,5,景点很精致，票价不高，性价比超值，对体力消耗不是特别大，很适合家庭亲子出游。景区正在创建国家5A级景区，厕所干净卫生上档次，在半山腰，居然还有直饮水。龟文化博物馆10元的门票，也免费开放了。相信创建5A成功后，门票会提高。
东东妈,2016-09-26 11:06,5,自驾，进景点都有路标，停车方便，有专门的停车场，网上定票到景点取票很方便，很快，景区服务很热情。带着老人孩子一起去就没上骆驼峰，走走栈道，边走边玩边欣赏风景，悠闲自在。
Dimples_,2016-09-17 20:38,5,正在申5A位置处在龙虎山和三清山之间名气没有那么大但景色绝不逊色支持一下5A的申请！
M21****794,2016-09-06 12:48,5,景区风景有些特点，小而精，周末值得一游，景区范围不算大，边走边玩也就2个小时吧！但风景比三清山好看多了，只是没有三清山那么大！
_WeCh****75235,2016-08-26 06:03,5,这里是龟的世界，山美水美石奇，环境干净，古木参天，服务周到。
-雪梨橙,2016-08-22 07:13,5,景区不是很大，但是要爬到骆驼峰顶还是有点陡f的。可能因为在评5A景区吧，服务态度超级好～
tu0316,2016-08-15 20:51,5,爬了一半就爬不动了，有老人小孩。早上六点多就出发了，早上比较凉快。石头都很有个性。
li****541,2016-08-14 23:18,5,好，很好，值得推荐。好，很好，值得推荐。好，很好，值得推荐。好，很好，值得推荐。
jianye29,2016-08-08 16:54,5,"别具一格的风景，性价比超高（门票加景区交通70元，网上订65元）。听说这里马上就要升到5A,价格就不好说了。但是景区的硬件设施还可以，服务有点跟不上，而且弋阳住宿条件非常不好。如果住宿条件还一些的话，还有其他景点可以玩（如佛陀山、叠山书院等）。"
其乐融融VIP,2016-08-04 21:21,5,亀峰，怪石嶙峋，丹霞地貌，贊。
雅墨轩香周贤,2016-08-02 21:07,4,一般........................
M33****321,2016-06-22 18:05,5,很开心，我是穷游的。很喜欢龟峰的美景，感受大自然的奇观。下次一定去最高峰，真的很不错，就是时间匆匆，没有怎么好好感受，哪里的卫生很干净，人也很好。
小泥子,2016-06-22 15:01,5,很美，我第一次见到这么大的丹霞地貌，很感叹大自然的鬼斧神工！虽然累的满头大汗，开始没找到路，走了很久，也绕了很久，但是龟峰是个值得一去的地
M39****500,2016-06-16 15:42,5,很棒的很漂亮夏天去的话会呈现不同的景观一面热一面凉
奥本巴扎嗨哟,2016-06-15 12:06,5,非常愉快的一趟出游，景区不大但景色独特，游人不是很多，闹中取静，门票预订很方便，价格也还合适。
M28****110,2016-06-13 14:40,4,不错，可以带孩子带爬山，不会太陡，空气又好
行随心动,2016-06-06 15:10,5,景区不算大，但景色确实美，景区目前在做升5A的改造，改造好后还会再去看看。
翱翔的翼虎,2016-05-13 23:04,5,经典的旅游胜地，适宜短途旅行！
_CFT01****8654749,2016-05-03 21:05,5,风景虽然不如三清山，但是很有挑战性，门票也不贵
M26****613,2016-04-30 17:15,5,圭峰是一个值得去游玩的风景区，那儿的风景特别好看，圭峰，圭峰。主要看峰，有十八罗汉，有老鹰捉小鸡等等
星火燎原,2016-04-23 04:20,5,第二次去的龟峰，真的很不错。2012年的时候去过一次，当时很多栈道都还没修好。迷人的丹霞自然风光，环境优美，风景秀丽。同去的都说比三清山好玩，景区也够大，在里面走了5小时也没有走完。骆驼峰很陡峭，想挑战的人可以一试。大赞。
景天,2016-04-22 08:08,5,丹霞地貌世界遗产，一座精致的盆景.
篱斋堂主,2016-04-03 17:54,4,"弋阳龟峰风景区风景优美，奇岚如画，属典型的丹霞地貌，素有“三十六峰、八大景”之说。它集自然精华，纳人文风采，聚天下名山之险、幽、奇、秀于一体，融儒释道三教文化于一炉。雨天出行别有一番滋味在眼前！"
xintian111,2016-04-02 21:26,5,龟峰有山有水。丹霞地貌，红色的山峰很漂亮。我们登上了骆驼峰，没想到那么高，天气很热，几乎累到半死才登上去。不过还是蛮好玩的。觉得很不错。
M22****502,2016-03-20 21:35,5,我最喜欢的风景区，大大小小的石头奇行怪状，很震撼。
longriveryin,2016-03-17 23:20,4,非常值得一去！自然风光不错，山登起了不累，非常适合双休日有氧运动。
塔熊,2016-03-11 21:32,5,丹霞地貌，在六个丹霞地貌世界遗产地中，地貌最丰富，如果不上骆驼峰，三个小时就能看完精华景点。
_WeCh****74517,2016-03-10 23:56,5,是个值得一去的风景区，我们的婚纱就是这里拍的
wang****xin,2016-03-06 19:51,5,非常值得去的一个景点，趁其商业气息还不太浓厚时，赶紧去。
E31****86,2016-03-05 22:40,5,也不错的景点，老公老家，喜欢，丹霞地貌，蔚为壮观
231****798,2016-02-20 15:01,4,风景挺美，年青人值得一登，安全措施欠缺点
137****8068,2016-02-20 12:41,5,和同事一起自驾游，龟峰景区是个休闲养生的好地方。
顶呱呱ZHVZH,2016-02-13 09:16,5,里面好大，随便走走也要4个小时了，风景不错
夏洛特苔米,2016-02-10 19:14,5,景观还可以，只是管理太差！推荐平日去玩！
_CFT01****8265255,2016-02-08 10:33,5,值得所有喜欢旅游的朋友们去欣赏一下，属于大自然伟杰佳作，美丽风光，闻名遐迩，赏心悦目，去了之后流连忘返，似世外桃源，是个养心怡性的胜境。
_WB2****607,2016-02-05 12:06,5,景色很好。适合和家人一起去或者和朋友一起去
288****750,2015-12-18 23:48,4,有山有水，很多山峰都非常奇异。骆驼峰非常险峻。值得花一天时间好好玩一玩。不要坐什么观光车，其实走路也只要二十多分钟，犯不着花这个钱。
_WB1****288,2015-12-18 18:14,4,身为本地人，这里是必去之地，各种龟状石头，让你眼花缭乱，风景还不错
冷色调,2015-12-08 13:23,5,景色自然优美，山的造型很形象，不愧为龟，群峰都是龟。空气也很清晰
新鲜阳光10,2015-11-24 19:18,5,神奇的丹霞地质风貌，鬼斧神工的大自然奇观，一步一景，登上山巅，无限风光在险峰
M18****434,2015-11-13 01:57,5,一般吧，不去想看看去了以后一天就回家了，也就那样了
M26****772,2015-11-07 14:45,5,景区风景优美，适合家庭出行。爬山不是很累，山上配套设施差了点，龟博物馆给人上当的感觉。
茜茜,2015-11-07 09:31,5,弋阳极具特色的风景名胜，自然景观优美，景区内设施完备，是登山爱好者非常喜爱的登山风景地。
玩嗨了,2015-10-27 19:08,5,龟峰之美难以言表，不得不叹大自然鬼斧神工，特价门票物起所值，点赞。
晏宁,2015-10-04 12:34,4,亲戚住在那附近，就去玩了玩！虽然山峰没那么险峻，但是大山的形状，质地，风景还是听吸引人的！
M21****407,2015-10-03 06:33,4,是一日游的好去处，景点集中，山峰奇特，适合家庭游玩。
M24****098,2015-09-25 16:35,4,风景不错，有山有水，最重要的是很锻炼身体
M24****098,2015-09-24 10:47,4,不错，有山有水，风景优美，而且想要爬山运动下可以来玩一玩，就是坐船的费用比较贵。
D57****97,2015-09-21 17:38,5,景色出乎意料的美，也许是明日不够大，所以去的人不是特别多，但是景色真是一级棒，没有过度开发，值得一去
M24****508,2015-09-20 21:32,4,弋阳站出来就有2路公交车，终点站龟峰.挺方便的，1元游龟峰绝对值得。就是取票的时候，售票员看了短信不相信才1元。最后问了他们网络销售经理才出了票。龟峰非常漂亮，去的时候是雨天，烟雨龟峰……总体这次龟峰行非常满足。唯一遗憾的就是没能爬上骆驼峰。
M18****366,2015-09-15 10:30,5,作为一个土生土长的圭峰人，去了很多次，每次都有不一样的感受。骆驼峰顶一定要去哦！
上善若水,2015-09-10 20:51,5,国庆阅兵放假去玩了一下，感觉不错！环境很好，新建的栈道修建科学，沿途的景点增加了不少，带来了龟峰的旅游吸引力，很好！
上善若水,2015-09-05 07:03,5,龟峰怪石林立，绿树成荫，景色怡人。一日可以游完，不会很累，是个旅游好去处。
Midori,2015-09-02 19:17,4,山里空气会比较好这是肯定的，风景也多，主要看点就是丹霞地貌，其余差不多就是不断爬山爬山。山上会有老人卖水，她们的水和方便面都是人工挑上来的，所以贵点也非常可以理解，大家有条件的话就不要过多的讨价还价了。骆驼峰最陡爬完第二天小腿酸的根本不能走路，导游也真的非常辛苦。
D24****139,2015-08-29 19:51,5,美丽的龟峰一步一景，丹山奇石，值得欣赏、游玩一整天！漂亮的湖泊，还有比较难爬的天梯，关键处处美丽！
骑士,2015-08-27 17:47,4,上饶龟峰是一个不错的景点，只是小了一些，游玩的时间不长，且要爬比较高和陡峭的山路，虽然有台阶但也是挺累的，整体说风景还是比较好
198581x,2015-08-20 12:23,5,帮父母代订的门票。可以说江西一路走下来，坑爹的事情一大堆，对这个旅游资源丰富的大省没太多的好印象
慢调调,2015-07-27 06:35,5,从弋阳火车站门前乘2路直达景区，很是方便。兑票入内，只是没想到观光车可乘坐距离那么短。恰逢今天景区很游客少，放眼望去，龟峰很大气。好汉坡真刺激，一路向上，玉兔峰好可爱，去骆驼峰的栈道很好走，登顶没有想象那么难，高处一览众山小的感觉还是很爽的。
lulustar,2015-07-15 11:04,4,景区内硬件设施不够完善，比如游客吃饭问题，旅游项目太单一，配套服务太少，不能让客人满意
zhzh18501,2015-07-11 08:17,5,大自然的神奇让人惊叹，西游记的取景地好像回到小时候守候在电视机前等开始，值得一游
樊崽子,2015-07-08 16:02,4,各种造型的景点很多，同一个景点通过移步换景，克服自己恐高症，手足并用骆驼峰登顶。
丹雯,2015-06-05 12:27,4,景区建设得不错，还在继续发展中。设施很好，洗手间很干净备有厕纸和洗手液，景区的服务也好。唯一遗憾的是路牌不清晰，每到岔路口????不明白路标，不知道到底应该往哪里走。
